Label,1,2,3,4,5,6,7,8,9,10,11,12,13,14,15,16,17,18
4,0.3223854396324838,0.36972233738971566,0.19228279073133445,0.2048849116688318,0.21916722693212834,0.018014310017872934,0.19270669030316734,0.2136757994088267,0.31898248275632207,0.05546363627924393,0.139985513205196,0.07101418629935075,-0.2926579174313054,0.19410270357697074,0.24230537684100914,-0.08824413765262439,-0.11531426587082376,-0.13662032126137696
0,-0.2623068683029183,-0.3092975901890097,0.3466613063617188,-0.2841157877457373,-0.16394515058163878,-0.20584415512431237,0.08719307780083194,-0.5013952802263131,-0.21068511972898465,0.06260572954101962,0.0884342688484838,-0.12900214194324827,-0.20057764010063156,-0.06154045902099192,0.04831897331445382,-0.1237111326059798,0.09602994269350962,-0.060464212692086836
1,-0.16786325430353902,-0.24705647211837647,0.09538157420396913,-0.29878745371278664,-0.07222428492835331,-0.00931883546992868,0.13569966600315192,-0.18849034065979178,-0.1875485470717761,0.08697468908904567,0.15641736489018476,-0.01647421819936505,0.15898977298498068,-0.1911304236382232,-0.2095112360953154,0.13814122525132058,0.24146302680183984,0.05624322635295451
2,-0.1130872028554963,-0.196909205092858,-0.07615174757019576,-0.2352658925242133,0.06261493985575992,0.015596029907760314,-0.2621697110102319,0.3186403565998249,0.21531217568298192,-0.12705358127853186,-0.11241810302673498,0.2495794816740163,0.46188688477322065,-0.4551443192785518,-0.20907389500105653,-0.051230189399985165,0.1829114560567173,0.08833024243234766
3,0.19103491774785356,0.14930726022031338,-0.31169276263650975,0.26438826723479986,0.039649196080298515,0.18897225790707628,-0.28164538382164434,0.17836332336655064,0.1533794852547146,-0.09887049987656923,-0.40633733471298844,-0.2887233121292886,-0.19189617407336276,0.18188153096319634,0.16671811667087924,-0.10044221671218581,-0.25641689883014385,0.284542641801642
5,0.17951956050432982,0.3326912857528513,0.4075445268864496,0.27947090316341516,-0.05981465959535352,0.00624366539374565,0.2130467701567692,0.2838099717814833,-0.0613315851987345,0.32387507700337864,-0.010710514114135301,0.28216273807444553,-0.0913026308547359,0.18044226965887944,0.3770248911503223,-0.04702307306923749,-0.1271769483985207,-0.15415318877584339
6,0.1129594922979309,-0.26035793787559264,-0.20673012091665813,-0.19814805440461264,-0.08110663143586905,0.047781520454979354,0.03725126443989571,-0.11866685743238502,0.1215611078741794,-0.12524891950881858,0.1713762217818896,-0.06468175592903047,0.040663318940736035,-0.2747104091041232,0.19287501429237264,-0.07198096260983149,-0.23931996772309796,0.1353955421224019
14,0.19079892135355336,0.19558126724187427,0.2669101432695681,0.0060120106464234754,-0.11942950925560425,0.06098000991613117,0.32704203617564,0.3427898561260586,0.11767875770275027,0.4291496615670062,0.0307254901233047,0.1115843838194016,-0.1907647845226722,0.26763869472257795,0.09652423403365556,0.2908188535266263,-0.12108537734399745,-0.07510164449654408
10,-0.12213831344738352,0.23865715931308873,0.26920860894680204,0.11983407662246913,0.10203048207604591,-0.055509568603586884,0.021313966439409904,0.2224837924852658,-0.17462942828564418,0.14133327410531693,-0.1697317434379585,0.18003994711862842,-0.07342974813229099,0.20411086565919268,-0.21664003056637196,0.16485830123794748,0.19271482226267506,-0.1049698762836052
7,0.04364138187872803,-0.17810504855962087,-0.12801999370983186,-0.05547321664497812,-0.33305658613977746,0.07437134962945136,0.2615445514981025,-0.36172087617674836,0.18449734381668703,-0.10556801119250739,0.22813514473164354,-0.1153749955595801,0.05893177353436314,0.1800752841932757,-0.062387342980978346,0.24466725686280916,-0.13145521687034273,-0.09626248669984266
8,0.21391209789953905,0.32325642545067146,0.2452872568560421,0.2990382658909652,0.20387343469966923,-0.12641317461824045,-0.2516724401565761,0.25870614829048066,-0.17615557957131242,0.24637730425984028,-0.286396654742731,0.24712228898385766,0.037613921968599924,0.09989322171588212,0.3052616261759567,-0.07885301600807637,0.07883107053613585,-0.1892698123132621
9,0.22974680181122237,0.016068639225127825,-0.0494010113831612,0.05272059809235955,-0.09223900745764796,0.07724367341985547,0.1837739348684629,-0.15515097908916808,0.23948581980554187,-0.11920682115047615,0.11480894120102755,-0.0682865573509202,0.10203381197059368,-0.047511728221979355,-0.0758668947753554,-0.11197052832455467,0.3409850323895808,0.7559349772258244
11,0.3787903564309283,0.11017806240983818,0.010728692071877266,0.08761051027254656,-0.2126282102778927,0.1451488015707953,0.08095003841071276,-0.2715859140813621,0.25924692382865316,-0.19072205358870023,0.2819291287698951,-0.161710333424052,0.19147065445558986,0.04611018439392117,-0.24994028598895346,-0.12740943986316652,0.37062685003507617,-0.23892525930824116
12,0.2991536756520351,0.26433177256904444,-0.3299112441835373,0.23402979756947245,-0.08044047940475277,-0.2068491312977962,0.13531137199877252,0.23629169587097207,-0.1424992240399497,-0.08515133229003644,-0.2344119557466894,0.23034876014809483,0.256376320649414,0.15723303215946988,-0.2580969305902007,0.03390817984942468,-0.09135248676237276,-0.07691540545785377
17,-0.3365688939965147,0.2139959730426937,-0.08705888175296994,0.1653834095302282,0.2689653086985443,0.04586678689681103,-0.3804818897575474,-0.012558220022489458,-0.16144534289618673,-0.18172318159722142,0.14155715496173377,0.08339462774013678,0.13021368922890417,0.14395238570404026,-0.20928908327451196,-0.11225635218812263,0.21663967786481586,-0.24217203068065896
13,0.0029965056930337432,0.04839333749346737,0.20049866249272488,0.040057739412760425,-0.03169403575507852,0.0592345992984558,-0.14655524183711147,-0.0926400477144845,0.19499354618299877,-0.20084358871373564,-0.026268751584018573,-0.7645130873825858,-0.0740467769927018,0.0649160155720575,0.11659297943289736,-0.19215836370041645,-0.027451922164015024,-0.21212777157390952
16,-0.1784849625004128,0.31044200622739154,0.0804820280185392,0.30558677102498616,0.2559493166461784,-0.01790389052827535,-0.16671474370185269,0.008981285115900284,-0.20096148645343767,-0.14914905784121651,-0.26279952787676514,-0.39441962874564884,-0.3674180288040518,-0.057238013084178314,-0.05703122869308329,-0.13250565757925603,-0.004539032817881112,-0.10673797953818191
15,-0.10061338581390326,-0.07925427976712393,-0.07340967933361901,-0.07310579895783985,0.17049388548583821,0.6239012789398669,0.22711962807585898,0.05446012629087882,0.06959896292508695,-0.03612734983458425,-0.006616265182029184,0.13390057355870458,-0.05775329908774437,-0.21550768711016588,0.08864901312795666,0.0094052983001165,0.3195976518811155,0.1747311868725631
18,0.3716540114734875,-0.2139630509605299,0.15704108307179152,-0.38413964788892946,0.0956694349445099,-0.11582663187922335,-0.020404903103051097,-0.285421535821279,-0.18385077514743736,0.059255166388275896,-0.36364506023725923,-0.040570489291070995,-0.05650701441587052,-0.3807550856998426,0.17002735538379993,0.07870365255445931,-0.22417375646420673,0.09291354975594739
