Username,Adjective,LogNumber,1,2,3,4,5,6,7,8,9,10,11,12,13,14,15,16,17,18,Label
pedro,-0.0010879669061254,1.0,0.0064770979313467,-0.0825611697547584,0.0872555053276372,0.225927949374128,0.1674462371891446,-0.261383664961583,0.2169308195513138,-0.1980871081015192,-0.1023081405542077,0.2623125865817356,0.0495868903047944,-0.2100778304925855,-0.4927062848212206,-0.2438286609035153,0.2917084523955877,0.1801376915943089,0.3615628362356907,0.2747329566896536,-1
pedro,0.0007241131358688,1.0,0.0124769979604877,-0.2987106608734524,-0.4169824806527961,0.3335944826852786,-0.1239618344880545,0.0921693862930357,0.2463151664006795,-0.2690019734569321,-0.1598236284352149,-0.2431868474033015,-0.0892152743335642,-0.240090205018806,0.0867169939702916,0.2432960374640377,-0.3530359325065463,0.0087404331726851,-0.2826950853449105,0.2166459341750009,-1
pedro,-1.2310618327044925e-05,3.0,-0.2532451868835996,0.0349775775252567,0.1059709562792278,-0.1504200078554758,0.1182212636533175,0.0652264724862227,-0.2743660690977009,0.1977563683040811,-0.1098435444497202,0.1698850747476198,0.1147013781288184,0.3666682741087171,0.4181158364481602,-0.4575544009076791,-0.091159616646742,-0.3536887751006448,0.1227244693146817,0.2167942933625789,-1
pedro,-0.0018461622770082,4.0,-0.0814198306958758,-0.1631833048398737,-0.4129055746780551,0.2236716632233761,-0.0404903819260438,0.0207560995885432,0.0842505822538892,-0.1971848858389822,-0.0079408373261598,-0.3074897578683982,-0.0791240101343476,-0.2052049138047676,0.1627812489693506,0.1055357150548651,-0.4370241413266479,-0.3188481787287382,-0.4282258804036183,0.2037690001748374,-1
pedro,-0.0021520726855219,4.0,0.0919122915923156,-0.1742387004100378,-0.3953252337461646,0.2627062619698547,-0.2398552672403105,0.1560492278858285,0.0758380405670545,-0.0041609923567756,-0.3513738738990131,0.0034080948258063,-0.1816973454423447,-0.3678312265813933,-0.1835017860023313,0.2364923322686737,0.110956398191913,0.4294995766161248,0.0727367310045944,-0.2545258967596276,-1
pedro,-0.0029835338755466,4.0,-0.0061696630169099,0.2073246523153426,0.1875025221566604,-0.2236627078764694,0.2012688716479154,0.1578155508011823,-0.1811225457870462,0.3782809051322211,0.6400782907463486,0.1449066321760209,0.1176112867947225,0.3106138595120599,-0.0084842775505221,0.006258336716097,-0.0284841945794615,-0.2234666811222706,-0.0823852798568083,0.1783837680735339,-1
pedro,0.0003909298206005,4.0,-0.4482888970951515,-0.3208096927614667,-0.1126078939732429,0.2608522710052412,0.4228364626605345,0.2661276659023185,-0.2909473272036819,0.1118649579373463,0.0898644014735153,0.177099835111103,0.0492834792049538,0.1100192359714009,0.1174519045332192,-0.0992004043005392,-0.2611720807607425,-0.0913354446262509,-0.2820912297713955,0.1867560678746899,-1
xxx,0.00061693052417,1.0,-0.034660456172467,0.3061111160677452,0.138216586873289,0.0663652735917337,-0.1215295464567138,-0.1832780188295343,-0.058710982251291,0.127572561585519,-0.2028985350641295,-0.1118204253796121,-0.0576485434058382,0.1743516771877079,-0.1125539043122028,0.066791146484082,0.7512515024496192,-0.2387897141076244,-0.2888243574947118,0.0645188472925759,-1
xxx,0.0002440032998026,1.0,-0.1936727997679549,-0.2286795608546733,0.0047435057185414,0.10864453260217,0.0690947915381499,0.1339167311083642,-0.846862064147462,-0.1547198042882965,0.2171797701775895,0.0203229597993173,0.0859829257970935,-0.0030275276924747,-0.029799527961743,0.0628070620346661,0.0077903026942466,-0.2206054311479205,0.1226791641002643,-0.1046725806716477,-1
xxx,0.0001175700907963,1.0,-0.3295878154750454,0.1922708283409534,-0.2702179972606075,0.0278398974143758,0.3131289432325232,-0.0691326954352648,-0.0499871027274843,0.1549337227759264,-0.0616938258658731,-0.0835051184047095,0.1375787839937685,0.0732570144698506,-0.2137776474726851,-0.1001408921386459,-0.2571947803257169,-0.1538861877546631,0.3434550370892295,0.5938724096098783,-1
xxx,0.0024017100139285,2.0,-0.3752620730567224,0.2862396966272086,-0.255122277375675,-0.0163468823548475,0.311953158990074,-0.0153408556380053,0.016845681864258,0.3075340120875257,-0.1017227853786957,-0.0703239075812068,0.3762508464063457,0.2579939692513917,-0.2713877145079332,-0.0794485535474556,-0.2563306352572389,-0.0434177020496012,0.3776023590184379,-0.076964881214212,-1
xxx,0.0026663854389575,2.0,-0.1142812952067501,0.4455356967418256,0.0942451818775663,0.2138069988212844,0.1082721930679237,-0.2334026042226116,0.3130874508989505,0.502953302919413,-0.4176476436980896,-0.0496470648957737,0.1443996876821423,0.1495094361299726,0.0658301288999267,-0.2012388480304735,-0.0503511351267674,-0.1883025071809259,0.1143891953703724,0.0254824580202567,-1
xxx,0.0126014406776387,2.0,0.1065032339080991,-0.5058590912420788,-0.0749157373144016,-0.4313773654788146,-0.1343895037857353,-0.1378604765362748,-0.3142450733942392,-0.2880172138735756,0.4360651240974913,0.1073324900103177,-0.0018815261902462,0.1909626343391128,-0.0362325788882594,0.2612786483731161,0.0010021185655912,0.0744933239408698,-0.0839153142814516,-0.044499610762297,-1
xxx,0.0087945813973183,2.0,0.1112448266840229,-0.3365279289192603,0.2290544517756084,0.1733925809528696,-0.1977194458299003,-0.1886308405458012,-0.1612350415859804,0.089456007364322,-0.0392518267274642,-0.0748620545222452,0.0203824831613847,0.3205441052838366,-0.0870164961451765,0.5302902680059001,-0.1176683524887073,0.4781985727378735,-0.199114464115526,-0.0437492441380281,-1
xxx,-0.0014146777130371,2.0,-0.3951787604136364,0.230426403491272,-0.3286093820065473,0.0397866703037985,0.3955954545777502,-0.0876206553915436,-0.1881702544741312,0.1605015827557653,-0.1059285978858619,-0.1327432969981778,0.1347571867988116,0.1607108832739294,-0.1146911736977757,-0.2835584768407345,-0.273608902604559,-0.1948304879881504,0.3864859453656706,0.1650685290697174,-1
xxx,0.0046690416466288,3.0,-0.4403982360877589,0.2174924101349669,-0.2878859908138585,0.0266106619662428,0.3444057916064544,-0.2238758560207586,-0.0838725431936378,0.1629068784620601,-0.1088632676679368,-0.108836851902152,0.1170437556741596,0.120371239412821,-0.3336134707913716,0.015865562465404,-0.2880016546149586,-0.2817176457685924,0.3736841358838391,-0.0864091524051873,-1
xxx,-0.0007491249577411,3.0,0.3000754337621567,0.0253035035834582,0.4099378987401336,0.1105337476911862,-0.2994356315536856,-0.0007069972371765,0.0476101386881748,-0.0197490313095953,0.1802299147375777,-0.0641784486041355,0.2328530621004049,-0.1117850706877605,-0.0999373526359177,0.3920561412313799,0.0062303046325815,0.5508588367051046,-0.2469356138264729,-0.0724818553671216,-1
xxx,0.000669900496161,3.0,0.3002545194967704,-0.3696316816696222,0.1098188355285933,-0.3199858601696504,-0.2697506529045154,0.1691713727223232,0.3416605321535987,-0.373535225659502,0.2742391638910575,0.2609102484596918,0.0773639738887215,-0.1802438373439468,-0.0073486645339538,0.1780751644190268,0.1289095892854192,-0.0869028955345504,-0.1720665959976967,-0.1839235870096462,-1
xxx,0.0040736226162415,4.0,-0.3906853106673363,0.2799431391432808,-0.128902552132813,0.0447931308963917,0.3759679858398558,-0.1194052238167053,0.21798603984888,0.2579117324766632,-0.0869538590023462,-0.1675586361348615,0.1762587569817209,0.1090503997423738,-0.3316139556368815,0.0546426543260012,-0.3170175491149755,-0.1832169389467684,0.3767887489812402,-0.1146326575677975,-1
xxx,0.0024838543718305,4.0,0.371369162441644,0.2308858908398565,0.5214097060628358,0.0704452851054899,-0.2045625308671838,-0.0821411945939946,-0.0479467091029168,0.1967574924181435,0.1667634997535952,-0.0876043695484646,0.1439816915213886,0.0529964498246842,0.0451554432748588,0.2334540263166062,-0.0213071117984889,0.5348761924433271,-0.1774460060705773,-0.0935054587672934,-1
xxx,0.0011863585947932,4.0,0.2301354304094312,-0.3671382376915385,0.0657016849379524,-0.2827194427151803,-0.1939902684254831,-0.0443968697557409,-0.1511395648690646,-0.4487363227741069,0.2128303093213893,0.3500772698241329,-0.3330607997083899,-0.2680819003286372,0.0688007976709371,0.2633256479393103,0.0636523206266649,-0.1378608367574228,-0.0655637303740917,-0.110051928983783,-1
xxx,0.0029818560917578,5.0,-0.3926132990684934,0.2858435666721424,-0.1039042697535205,0.0389430474321901,0.3165711998383964,-0.0268919773927918,0.1746422171547107,0.3399223895583881,-0.1202989742204761,-0.1483073831257881,0.1876165738920104,0.1178163760165207,-0.2958309408274213,0.0739674778301152,-0.295944454363061,0.4159532360551822,0.2374987986667139,-0.096474498838101,-1
xxx,-0.0003852206785639,5.0,0.2794846465678989,0.110195278048039,0.5740301604650938,0.0879776137723461,-0.1620929652116693,0.0548213712061817,-0.1186747950588092,-0.0713396199154799,0.250604866931925,-0.0157413628222114,-0.0900013826670224,-0.1304103834591223,0.134665970878064,0.3236167675911159,-0.1186669052713554,0.5056363563795401,-0.1939205670734677,-0.0752761481114269,-1
xxx,0.0011853299216395,5.0,0.2546284720910526,-0.3677639807528045,0.1936428152122837,-0.0342791327805338,-0.2328517212532379,-0.0584764847077581,-0.0861488270518857,-0.3722283438369833,0.2212958350997491,0.154704994814641,-0.3002499841565818,-0.2313413044675298,0.1422545879551655,0.4432569427165737,0.0583618106081972,0.3075802491558121,-0.1563135481600102,-0.0435127328756169,-1
xxx,0.0011797939660197,6.0,-0.299711831546378,0.2387389037883689,-0.0762264826596345,0.0239303304616096,0.2329903645991405,-0.070735098564776,0.1161888300693303,0.1622461620990961,-0.1104367465266279,0.7019568345280677,0.0996404582974105,0.0985136215288003,-0.2008033876562711,0.0431504574821732,-0.233069097010629,0.2924712844037779,0.1890876332961977,-0.0728712025237627,-1
xxx,-0.0002646270697237,6.0,0.2199697791333116,-0.3544278603478463,0.166219640312404,-0.303171800267054,-0.0926571910635755,-0.1089636265664207,-0.0050398899918691,-0.2658914377991249,0.3172956898527399,0.1348946381990627,-0.0868414760537,-0.0916234041383435,-0.0873500907338036,-0.6518140688644141,0.1203924000309543,-0.1381383058796683,-0.1139891659228063,-0.0374020861727714,-1
xxx,-0.0003697975281051,6.0,0.185685713555837,-0.0331596131646755,-0.3304079039344694,0.0455962792233943,-0.3481639543572231,0.1276920176267741,0.1933422150710882,0.0199832815743815,-0.3535481047299239,-0.0363292040894395,-0.174288683655084,-0.0963620131833395,0.4784254103947801,-0.0752015748123819,0.3483700153730803,-0.115660841615981,-0.3745986910237894,-0.0477622694674317,-1
slasto,0.001487513803911,2.0,0.1147007174978955,-0.0306810234123083,-0.2753855746672345,0.0237912694816456,0.0804093692603122,0.225210932373506,0.3026792188278869,0.2672180904661527,-0.4217019919373536,-0.1444015686271049,0.007837582455005,-0.4612511253625319,-0.222501452642315,-0.0517873486583129,-0.3564578704345144,0.1556612439325069,0.2721104498450523,-0.0164122639336704,-1
slasto,-0.0013741329970697,2.0,0.0811454123935316,0.0158412631946452,0.3421857049069439,0.0171919029108692,-0.0713568647756966,-0.4418888870700694,0.3702457402583095,0.220253039330926,-0.0176425861222234,-0.1388435932424204,-0.1641494449711316,-0.3508166662869632,-0.3130092664556512,-0.0343410537585761,0.4329500770865763,-0.1595216495862702,-0.0443893317226965,0.0787612382662525,-1
slasto,0.0004164762704601,2.0,-0.2786048130999569,0.2158204959953618,0.2945895612908857,-0.0128543998227499,-0.1222887502846917,0.1309182236716189,0.2031552106493519,0.1034006970406382,-0.082280883313339,-0.13602339839996,-0.1037106098136221,-0.1937726572497278,-0.5153996665590757,0.3291678920124535,0.316080156938321,0.2155581339232582,-0.3066958657885376,-0.1295988994217363,-1
slasto,0.0003171286918478,2.0,0.4046931471022291,0.0647214125550503,0.2822966089712166,0.0002735338647932,-0.1148375545102003,-0.1251127968550346,0.3816663434124893,0.2242796014829537,0.0615131550964314,0.0727714691191781,-0.1276742885988315,-0.2810187552231892,0.4946635546316687,-0.1345137703235705,0.201412486760172,-0.1558196504906492,-0.0222027681334279,0.3083086268070406,-1
slasto,-0.0055110055284886,2.0,-0.1700677610476638,0.0424552659776051,-0.1739799298453072,0.0079147964466741,0.3548444492594062,-0.3571225222361873,0.1312207711536192,0.1459130348127807,-0.0899230868348917,0.5643043962477036,-0.0304407329364366,-0.1913114551929773,-0.2510709972034816,0.0391030473397955,-0.3237455373495555,0.3108624428733684,0.0227169638718171,-0.128068549861336,-1
slasto,0.0021139153911687,3.0,-0.0647506844135337,0.0106535839223737,-0.241821022338955,0.0010491803478927,0.2632472831188474,-0.2758999937135024,0.1600817681421275,0.0352307176783403,-0.1756927914205626,0.5872519062659173,-0.0197540738755349,-0.2325657458731163,-0.1718435443906139,0.1164069958188251,-0.3053179767737478,0.3855707176146845,-0.0316357348611017,-0.2208002774160566,-1
slasto,0.0016353714243068,3.0,-0.4739659069192455,0.2368286807454991,0.3137641327684226,-0.0218530112181433,0.0139616613493754,0.1629670463915556,-0.3931156965525818,0.3400468958192413,0.2570804106773217,-0.0816380641394486,0.0139436483765717,0.203023110472432,-0.0830090369301991,0.0260485781361933,0.0881615573134191,-0.0914572939138009,0.2592562747782615,0.3439917444976373,-1
slasto,0.0022156179463705,3.0,0.2308181950984073,-0.1605003769673886,-0.156663461935078,-0.743117601517679,0.0848319084473544,0.1333633920901943,0.0957989634618397,0.0065779608807827,-0.077986524996333,-0.0228796212957052,-0.0392033719131654,-0.1806076869374454,-0.0207840275872093,-0.1296109343172868,0.0251048200862698,0.2647045614607953,0.3507255628465092,0.2414391399932417,-1
slasto,3.366891749471046e-05,3.0,0.0570913310162034,-0.5204489147870105,0.2443621324457962,-0.0112315820827173,-0.2990395782068344,0.258897417241921,-0.0633631381869695,-0.2327099601657414,0.1550151326456554,0.0872890555382438,-0.0335665392024497,0.1312016348448356,-0.1436933852665223,-0.4601980816343255,0.3148955153901236,-0.2096536440920132,-0.1238990188888912,0.1026091301479486,-1
slasto,0.0015125408602455,4.0,-0.1493791228400549,0.0531087306099931,-0.318568590787312,-0.0200623733266792,0.3114298086379013,-0.3717951345250032,0.025001611228154,0.0398732575386613,-0.3729041229418796,-0.0919700810060681,-0.0186433582333485,-0.2426417867927996,-0.2893818736174362,0.0537124304861658,-0.3839158454941033,0.4096407161659397,0.0058900098628577,-0.1641484644466178,-1
slasto,0.0003283404116298,4.0,-0.3546067212878043,0.2157837880415125,0.1693489713286619,-0.0535232151852933,0.1716764673180555,-0.0279494437827424,-0.5017826870907565,0.3483907163914694,0.1909328652578369,0.2360129067673821,0.0797432005255614,0.1324299819162756,0.181332500865424,0.2123277720781341,-0.220026447336889,0.2760640922305428,0.1540572437956997,-0.2244021864789656,-1
slasto,0.00072371876763,4.0,0.2018110438761462,-0.1306633530473869,0.0401454012049173,0.0971869534637387,-0.3620173757574995,0.3846817171317945,-0.008568588132391,-0.3855750144554931,0.0092768052507349,0.2829813595553717,0.2742177121837377,0.2542331824444943,0.2538561001646213,-0.075977556949662,0.2782418101030103,-0.0459804971737107,-0.2817285990185752,0.232917840213395,-1
slasto,-0.003782933402165,6.0,-0.3261911433565553,-0.0769504565331279,-0.2135744347172652,0.0695363649784396,0.1968420115338362,0.1855166295473167,-0.1566416040567748,0.1549057384986479,-0.2611565594439943,0.4199575803659945,-0.0009575712189111,-0.3037878606554911,-0.2897085165452995,0.1711563771579513,-0.3394093485282418,-0.2053464357750653,0.1190780216201487,-0.3064424478951367,-1
slasto,0.0117454313212996,6.0,-0.2770012207479111,-0.050199812201443,-0.0661052805588786,0.0456228204693141,-0.1063568505615343,0.1647939866408744,-0.2041593075324994,0.1525819266744544,-0.0422203831871874,0.7792030294708054,-0.0788601982351342,-0.1031649970952416,-0.1135023751254229,0.1302114973954552,-0.0924113209821633,-0.1796361846178903,-0.0970904692421256,-0.3240255929934975,-1
slasto,0.0003572997031302,6.0,-0.4490903579989025,0.2265196037679991,0.2714153024798448,-0.072459070269314,0.0216973843053712,-0.1120115978467397,-0.234875352068303,0.3362069814873557,0.3034371412540485,-0.0856067638742177,0.2800289114321042,0.1191196105357051,-0.0488399417803434,0.0666651035250741,0.0252358873210309,0.4036665327434623,-0.0881208488699662,-0.3415911694564172,-1
slasto,7.883818727730165e-05,6.0,0.2642718600510118,-0.2138291517374171,-0.2242385370768148,-0.0383251378248846,0.0611069373070176,0.193352376805063,-0.0563451241734781,-0.4130203436032638,-0.1639869896557188,0.0104830858510264,-0.6269942170847691,0.0991799418629191,0.1013307937489336,-0.0503020211590073,-0.0522881667511161,-0.1578043154929449,0.2064907760540258,0.323686589852069,-1
slasto,0.0022371665505741,7.0,-0.0429554897219729,0.007116950241942,-0.4543449714033202,0.0175831857272709,0.2432099926129301,0.1461224179351808,0.0432238165661556,0.0200496986869435,-0.5019484774136173,-0.0574638768052828,0.0807875565971736,-0.4158206213050453,-0.1982392657019357,0.1395453805062619,-0.3639671025015705,-0.18743200491034,-0.0256314769858974,-0.2165022244923951,-1
slasto,0.0022347382689517,7.0,-0.4495536437418686,0.1454287978164472,0.2970326985277582,0.0050477616775042,-0.0332818989044268,-0.0050713272012949,-0.4088643667934078,0.3235385478417147,0.3063121438348973,-0.092374101853962,0.0755708718209844,0.3107206537817344,0.1362024166191793,0.0959387578341933,-0.0297531073162422,0.3377873702441574,-0.0228857000882213,-0.2600661022283473,-1
slasto,-0.0043870749156608,7.0,0.1836803918240258,-0.222551683978618,-0.053743594706267,-0.297471219710989,-0.3060704726105068,0.1494809015018737,0.2690536319091081,-0.4393327692156196,0.0678565902862174,-0.0639245002339001,0.2481307371219875,0.0486448173502751,0.1780689112089604,-0.0058000168822837,0.1703940362119518,-0.1106624046920412,-0.4796554857701117,-0.2611705395580558,-1
slasto,0.0020750029928034,7.0,0.1519501220480723,-0.1967327506075568,-0.0317103546990098,-0.2839362879734007,-0.2500295295103805,0.1237611642535179,-0.0127767059255061,-0.5554470103074949,0.1588124564016938,-0.0215629238842176,0.2979244449660168,0.1223408841024378,0.2574720065886097,-0.041687464078519,0.1866261938341994,-0.0766850645349814,-0.4063131458360842,-0.2585018310480526,-1
slasto,-0.038541714463235,7.0,-0.0456615108347864,0.0249744425747286,-0.370763613443,0.0097491263715023,0.3575566163890598,0.1289965859417002,0.0236296101820172,0.0973013967270289,-0.2846818578154703,-0.0831351905837412,0.121653627335736,0.4734794088359056,-0.2245945886820199,0.1221197322388208,-0.39456486831809,0.356288027840307,0.0391872255925585,-0.1696056042973704,-1
slasto,0.0001602317287168,8.0,-0.2679774138823141,0.0457022139308036,-0.1416296465499548,0.0317838808836401,0.022551234690794,0.1800763077704082,-0.179398099872805,0.2545962244898091,-0.1284849483392721,-0.1198845525418947,0.1481283827133344,0.6405046696655651,-0.2058321454126737,0.1035160245551279,-0.4071328887531588,-0.1526665795163687,0.011787448310467,-0.2640770652125763,-1
slasto,-0.0003929999050219,8.0,-0.0976138079567662,-0.1452293943468552,0.1848476663754191,0.1555710546324645,-0.4207908051624531,0.2465779613931541,-0.0721611030630129,-0.0853677219222557,0.469052549871886,0.0341610206568035,-0.2908618105918991,-0.0036079505274015,0.0475864824242696,-0.0017623522546984,0.0300711019966768,-0.2089931930891485,-0.3840084150369768,-0.4006808470913816,-1
slasto,-0.0002432729994881,8.0,0.319245162478155,-0.0440844479617383,0.2734273395953385,-0.038740469343841,-0.3955423242102182,0.122529423435773,0.338302764964107,-0.0749267760047401,0.3316467597785246,-0.080258830742605,0.0562530986611364,0.2737121927455577,0.2830401329189027,-0.014400053302939,0.2312912388613594,-0.098540723177584,-0.3814801105434566,-0.2116125896969657,-1
minestra,0.0003572194273766,1.0,-0.4587118911174107,0.2195408281979998,-0.1812758399603399,-0.0818828228165161,-0.1044057049703196,0.139509504079534,-0.172725471032787,0.242465477415703,-0.119502111007625,0.0560948816391419,0.1567781449752777,0.2136846548229036,-0.431064394303602,0.2718733983631258,-0.3419740705622384,-0.3434272196768393,0.015222896548795,0.0176812782341518,-1
minestra,0.0003525824410538,1.0,0.2627416487443689,-0.3220295197426008,0.2203221714029872,0.1615679751887058,-0.173450991399975,0.1699188147274236,0.094126939264474,-0.3804273511638716,0.2035034825321689,-0.0455938525655288,-0.1165929984468,-0.3441643591959442,-0.0969881394424754,-0.3453935041793148,0.2491900868598955,0.3584802189182788,-0.1527726547718629,-0.1479632435824865,-1
minestra,-0.0005980356308809,1.0,0.0369987185807877,0.0849308463327181,-0.2516836940524347,-0.0666344237117378,0.2835273057597477,-0.3752930333341455,0.0615390848750662,0.1906422587015461,-0.3587776565230186,0.3884891567071517,-0.23740239215397,0.1235470718340105,0.3316570721440477,0.1331753888653782,-0.280677335973141,-0.2048668029732343,0.1915669019754912,-0.1606852144902648,-1
minestra,-0.0003883502236688,2.0,0.0111013205622826,-0.1833549806487175,0.1977731147888164,0.0761092628413711,-0.1400863997324383,0.1251866805126295,-0.0328944965985678,-0.2913302790197489,0.2928897126810746,-0.2874149759968507,0.0573466313669149,-0.224730695485478,-0.3918832084538203,-0.2179912773353176,0.4211574565993484,0.2849549072512272,-0.2520742346384875,0.2338981853086658,-1
minestra,-2.2470226360296423e-05,2.0,-0.3029860282455696,0.2582420583792525,-0.1859674080481373,-0.1142675216983509,0.1720827443042891,0.1522067577401223,-0.3210691135595243,0.2989641596013671,-0.2633635985910814,0.0974275171347402,0.1049887574572806,0.3453398583945141,-0.0715995525314044,0.2759703164747539,-0.2943853373758757,-0.2466012162877672,0.2796489066885658,0.180349598865487,-1
minestra,0.000622050675053,3.0,-0.3002425377039871,0.4257048465138674,-0.2713053872670014,-0.1051967114054102,0.1378441989024054,0.1412803285046467,-0.1022708927504781,0.2643748235037125,-0.2870131988817895,0.2543476381522386,-0.0809467161148065,0.1664658889956204,-0.0062347603571204,0.3105794966430817,-0.2247297423255121,-0.1898844292074674,0.241632340157143,0.3191637605046192,-1
minestra,0.0110872771393798,3.0,-0.4274933066060022,0.4451672286481658,0.128135097570712,-0.0372004334874734,-0.1962380182651809,0.1652939309509481,-0.2048294026760754,0.2578431682092429,0.0956502730898767,-0.0490536930558942,0.2097370319125805,0.2253092811647362,-0.3342562611203526,0.3396949248417196,-0.1323847982597923,-0.2490406064100515,-0.0143442038410452,0.1175660234648745,-1
minestra,-0.0007436281671315,3.0,-0.0924196492457751,0.1567831515497777,-0.1696014181927096,-0.1241034922165292,0.1535921893072649,-0.0909056935681508,-0.1479607990383643,0.2718155571901939,-0.2148678460143511,-0.0700301135517735,0.0980019915653399,0.2923089936953958,0.4436459293273395,0.3486617799235147,-0.287330971791873,0.1181406958812422,0.433856167398812,0.2140683398237211,-1
minestra,0.0029318682296156,4.0,-0.142249346525133,0.1981070301559637,-0.0822165721295609,-0.0969959112892874,0.023719566857288,0.1759427280004798,-0.0775720230693323,0.2976575244527392,-0.174878422782158,0.5415513780621033,0.2092487835283676,0.1791647358870502,0.2275234600451469,0.2654620542545655,-0.1654303259710931,-0.2037396312091011,0.2004172326037879,0.4088869480820623,-1
minestra,0.0031824848678281,4.0,-0.2073527380264921,0.4698372342586343,0.2540530225783013,0.0219074903035377,-0.1515858530953169,0.0931005069907488,-0.0471866102228952,0.3784165737346519,0.1133844034721633,-0.0819274519865525,0.2322737900058825,0.2766216404802771,0.2812812475784399,0.3182190975343028,-0.2572291169920364,-0.2534995191168579,0.1825125471824662,-0.0015229518339542,-1
minestra,0.0012391457040703,4.0,0.225748031201234,-0.1111761267151129,0.14425803486767,-0.6599165209030452,-0.0838515570333004,0.1169516560134617,0.1319553856550821,-0.2141823628089077,0.1556384993001761,0.0666514272500711,-0.0023959994550689,-0.1663520124741244,-0.1943937002936905,-0.3246614502723875,0.2170356866483583,-0.1855262139682955,-0.3257642559084868,-0.0959017538968567,-1
minestra,0.0001592986047289,5.0,-0.3934709329320246,0.4485420629006482,0.0867443939902209,-0.0128851647904331,0.0057991050001507,0.0307084390826385,-0.3287749554849761,0.2126240527182362,-0.068598081931169,0.0135178112198521,0.1284674520728159,0.1013360253651302,0.0684221631416485,0.368788657749564,-0.2375707869931082,-0.3297905055197743,0.2644977190475374,0.2729702507702801,-1
minestra,0.0021533785995926,5.0,-0.4033169901158714,0.0296399578673128,-0.0180940868522665,0.0802635484463102,0.3490734407072309,-0.057079711058956,-0.4348699341161037,0.0010680964569588,-0.1076523424456633,-0.0871188853882698,0.302197039569986,0.1359270705205305,0.0003781076225057,0.0509114584958458,-0.2273807704653463,-0.1210328036955615,0.5331194215674636,-0.182555598437994,-1
minestra,-0.0004840750117947,5.0,-0.103178232082284,0.1859498778557429,-0.2569954164560995,-0.0403875480007692,0.4725781554808295,-0.3036783017705303,-0.0928364534560869,0.2279622648917665,-0.3076345994730781,-0.0242057330852764,0.1686178420461691,0.1326156814533514,0.2164952024820968,0.2114199133334247,-0.0954395974823777,0.0672385116584735,0.3447479556808661,0.3816670962786898,-1
minestra,0.0031764384543113,6.0,-0.2807947133923902,0.1610605889079273,-0.1157808728358893,-0.0454161514630523,0.07829840004763,0.1949943301100896,-0.1332122336298345,0.3454221626185269,-0.2842130266625719,0.337303409162954,0.097191705233185,0.2058337044854525,0.1000586890591161,0.2190115746413982,-0.2376079917657472,0.0075261586871141,0.3196699736106747,0.4852682770472882,-1
minestra,0.0009123541383679,6.0,-0.2547305343898555,0.3708624848366151,0.2912871171508004,-0.0280040828959797,-0.3224157847840472,0.1522760007131138,-0.104717621118921,0.3206413354587391,0.2309541417939715,-0.101919528792,0.2167729050083417,0.1756018972029683,0.1005896904091867,0.2484968614126496,-0.2562942298918877,-0.2316149591456099,0.0326173144072383,0.3704124494845376,-1
minestra,-0.0001860013181434,6.0,0.094395416539125,0.2355553422469959,-0.4635566861255918,-0.1270913323837182,0.3429929499554084,-0.173735143583612,0.2036995931187035,0.2148728477530208,-0.4325000909756032,0.0757629795227998,-0.1719777280504494,0.0080120411122971,0.0681841285955751,0.1944886968211067,-0.3316311143817322,-0.2978900057690152,0.0633831018515987,0.0377804450465617,-1
minestra,0.0001344441693782,6.0,0.038606193599289,-0.0685279728530637,0.3147851301655439,-0.0191199773983761,-0.4890970549156552,0.1498921039528844,0.1272260793941796,0.1995664675201123,0.4030520222079152,-0.1113227847950799,0.2710660038602704,0.2180008798646013,0.0373783276778812,-0.1116242438547006,0.0965894961503738,0.3199716584667352,-0.1136762280147522,0.3772608630126448,-1
dan,-4.031832784074694e-05,1.0,0.1879447615511873,-0.0482814472158086,-0.3115698857868907,0.0386387001347478,0.0930974631966482,0.3067661869164724,0.0886051125965605,-0.1785585583008355,-0.2212815716277401,-0.2950650485799649,0.1042777418051466,-0.0675879231657245,-0.0987570702361938,-0.3337707759631927,-0.3999301042929933,0.4165836707115475,-0.0755943596157413,-0.3308216106999363,-1
dan,3.28202415499096e-05,1.0,-0.2271302008019222,-0.1931963234505876,0.3768861776841782,0.162903590979978,0.2016105127081127,-0.0055985783481247,-0.149177358586528,-0.0917204534428229,0.3565904723338407,-0.0511228493592319,0.2758092806206833,-0.1591891810340037,-0.3682183926347584,0.3155805322864037,0.3426380050317166,-0.2378990297372515,0.0534190442741846,0.1671919415228388,-1
dan,-5.205194123233435e-05,2.0,0.1198419390447865,-0.4177672815404378,-0.2388071779169966,0.402256518720152,-0.1093727643570497,-0.0045747271394817,-0.0061496770308908,-0.4027114077902109,-0.2982444903873399,-0.1113696622224969,0.1290431992945897,-0.095695418081519,0.073637408318403,-0.3408283257709391,-0.3010015423434311,0.2777049285062062,0.0098149243610658,-0.0387835622618062,-1
dan,0.0011200537823084,3.0,0.2383110628463494,0.2161892536106828,-0.2484657970453641,-0.2129501392317879,-0.100147431873505,0.0655116472228326,0.3839514246590191,0.2739994610200348,-0.197083516297943,-0.1775465424340167,-0.1985167996122502,-0.2259590784519585,0.1579215273029922,-0.1953664679107322,-0.210112025617764,0.3806097054815405,-0.3142544612585128,-0.2021541230897184,-1
dan,0.0011577157621427,3.0,-0.2335405347183217,0.2258896211402032,-0.2510775162968349,-0.1955210134704555,-0.1222840385128729,0.0572796998707005,-0.1768271270943848,0.3203195430176297,-0.2031283206596286,0.6014388404741514,-0.1084342383902365,0.145637315085716,-0.1106971720101025,-0.315232733807848,-0.1779194338184187,0.2197864745801527,0.0877656231124116,-0.0762217148787003,-1
dan,-4.4380748205813805e-05,3.0,0.2262665233131444,-0.0981525156500349,-0.2117625163558144,0.1086519908572439,-0.0699140772450075,0.0656758305043884,0.3740258623397951,-0.3649561541371164,-0.3458423013159129,-0.0504397261691315,-0.063301003208607,0.123434632117471,0.2674951156926447,-0.3830925044800353,-0.2246297095353555,0.3065038282232736,-0.281237115633894,-0.1304844112884151,-1
dan,-0.0004814186558375,3.0,-0.4092992643332412,-0.2008719471100564,0.1033111155138498,0.1993157296148918,0.0093224507067364,-0.0441071606154234,-0.4824259373096179,-0.1203075218853665,-0.0017622746571587,0.0697825573574325,0.055208581777397,0.1127463672266295,-0.4051054173118902,0.0253452761298091,0.070946901362169,0.07582240949526,0.5300157592582554,0.1240933613924096,-1
dan,0.0008661340029364,4.0,0.396658415974188,0.2816496482000671,-0.1773967395031438,-0.2449715757414191,-0.0475145489975524,-0.0618736760854706,0.3881662399733968,0.2396691357551485,-0.0865458301124369,-0.0112680764344723,-0.0990298283572324,0.1209127165255525,0.4559787200398705,-0.0335783940533845,-0.1093274731278152,-0.0527595971131178,-0.4351832737874632,-0.1115616190421513,-1
dan,0.0142013485027811,4.0,-0.0910299775753909,0.3724641484773822,-0.3807501323990697,-0.1710056348633493,-0.1145235934501018,-0.3443096078653045,-0.0448858005326922,0.2216473307588334,-0.3621501086190493,-0.0929706236869346,-0.1302594368264807,0.1817670716156975,0.1433495396363167,-0.0658488190251373,-0.1808871238286317,-0.4802162964770352,0.1263590690558786,-0.0445054482878012,-1
dan,-0.0005680735423614,4.0,0.4663959431178996,0.1062956410078443,-0.1387398198433353,-0.1058282010173096,-0.0381693385281753,0.0441988850482909,0.4918657381930456,-0.0556051423528209,-0.1997587948137792,-0.0888421638288637,-0.0935742246036778,-0.0089370204000269,0.3102296191695748,-0.2550470082656236,-0.1802982567093423,0.2133133256305815,-0.4068577868796937,-0.1755740272097984,-1
dan,0.0004340186771709,5.0,0.3352810791974317,0.3788672612140572,-0.2384318740204628,-0.3600355586848476,-0.0838639145217053,0.061624533710565,0.3010037473045157,0.337982584930675,-0.1603037497311797,0.1963893956240259,-0.1191881444192191,0.1285716702611583,0.2918562023104213,-0.154543786487674,-0.2002217537267099,0.2146055884014243,-0.177288165208731,-0.1423474929119521,-1
dan,0.0077260552096312,5.0,0.0150022491434712,0.2745021826842821,-0.4306630585663877,-0.04808219617935,-0.1728533288938637,0.0961697296355578,0.0282365372285542,0.3031918400366662,-0.4279567765962356,0.3525066337218845,-0.1643693991047834,0.265214022747761,0.0650328710517668,-0.1574091287774652,-0.2896898647727314,-0.0537188095340066,0.1946390775703738,-0.2152452529744186,-1
dan,-0.0044371388237652,5.0,-0.0358337840579028,0.2589887978923225,0.1995060449735102,-0.3183415304230574,0.0461290398503652,-0.0372275706496768,0.0275792852051659,0.3921110101900132,0.3549278763521506,0.0639669006196435,0.0108856501809779,-0.0326377453410329,-0.0402051672598937,0.22247199675812,0.2195092560696053,-0.1087759578965556,0.0081090287833612,0.624523421199578,-1
dan,0.0210810462538384,5.0,0.0417110445595833,0.0260343022149034,-0.0155269675435414,-0.0280434194862421,-0.001341007294065,0.0056237587712952,0.0317695461717946,0.0244336192456414,-0.0066544521009147,-0.0138077627828491,-0.0051403083631788,0.0238968753186462,0.0206289421203727,-0.0228764626479954,-0.0148735483628302,0.0303404673936053,-0.0732573962600432,0.9932902069506768,-1
dan,0.0007235550485028,5.0,0.4448865075223457,0.2258446946265261,-0.1660334111121007,-0.2120025767480698,-0.0405729059220201,0.0374315683384737,0.3458986615148073,0.1241846967810373,-0.0925866327101268,-0.0908252648344647,-0.0845869129603142,0.2451190441697104,0.3583983394710853,-0.1091600584729788,-0.1751444979657419,0.3579764367187266,-0.3678567370805092,-0.1479073383796396,-1
dan,0.0006918486942184,5.0,-0.0715066315864135,0.2247311927152294,-0.4020847677580513,-0.2410753787503549,-0.1847138187816331,0.0913251333527092,-0.0457881936918007,0.1569333844503778,-0.3516151624170075,-0.1703213534498886,-0.0942101172849256,-0.1358981798108056,0.0418244881330822,-0.3432497242746312,-0.3315208433749984,0.4062251220932983,0.1648356284932612,-0.2318561215018072,-1
dan,-0.003176310412928,5.0,-0.0002116226280544,0.131197423236279,0.2862796358445746,-0.1929718888302395,0.1227569716410617,0.1463261822718151,0.0060855574864332,-0.0606217968759959,0.1852164353273654,0.1805786689315134,-0.5833679933497484,0.3931059692636161,-0.0254828595037195,0.2169310563604007,0.2468157362879895,-0.3231088962454911,-0.1268835570135079,0.1803074717917932,-1
dan,0.0013817296670855,5.0,-0.0357304106597207,-0.0400710809042079,-0.2175973260923242,0.0947262358891979,-0.0894684404335641,-0.7401061691377607,-0.0602947762338117,0.0439455256647621,-0.1611471738959216,-0.1019166865782513,0.2879895317159085,-0.3129451149869566,0.0198078350040387,-0.1784849343968018,-0.1974672323421178,0.2675524385883056,0.0978678228387578,-0.0991695078635898,-1
pabluccio,3.369322066701535e-05,1.0,-0.3396949696980131,0.3076445081040299,0.3588070671144262,-0.0525628891945795,-0.1243349730096779,-0.1848766349229262,-0.0602260095471267,0.217404986270099,0.2102925768023642,0.0030564999354117,-0.0381259708126865,-0.0430347524429668,-0.3316513955603521,0.2910975964180418,0.2802210298893021,0.1949687050065263,-0.2822900092770093,-0.3455915800930695,-1
pabluccio,0.0004265362259423,2.0,-0.0372486917826046,0.1516770459813778,-0.100755197233923,-0.0422867920022897,0.3302810345623303,-0.3117848780215443,-0.1091561537988177,0.2509009311003785,-0.2357069826863763,-0.0297019562105316,0.0779601530375435,0.2397679821306487,0.4242776393747094,0.0839035672851902,-0.4472246733539352,-0.1308084147200957,0.358066800175485,0.1735360059256362,-1
pabluccio,0.0092211368468447,2.0,0.0646627922245193,0.2649963376014957,0.2333210071661449,-0.0525532621585198,0.0214423884534277,-0.4074300994650494,0.1945041655733387,0.3188141190491739,0.0970400168426834,0.1216851777558301,0.0808664238409827,0.177000191058726,0.4336751264341337,-0.0072936295075434,-0.3112392254459484,-0.1314906360242703,0.1633540000357403,-0.4140021422032525,-1
pabluccio,0.0003418159137006,2.0,0.2601023281738561,-0.2938021776651712,-0.2452890718987097,0.1625284977408359,0.0380556629643121,0.2424439964765563,0.5805735379386606,-0.4618657515563028,-0.094825021912795,0.0464658934702724,0.0550736357999845,-0.1858559219376846,-0.188872479326196,-0.2056797841304402,0.0386807537560562,-0.0488478493735371,-0.1344906595520124,0.0125879629452653,-1
pabluccio,0.0015760947208287,2.0,0.2487756994374831,-0.1282177172665379,-0.3602192849621522,0.0743305840470754,0.1909538901383518,0.3427751398171448,-0.1442467361030388,-0.0518868673323383,-0.2508129930498879,-0.1080480501988305,0.0804561211465955,-0.0461420862665725,0.1867409932475226,-0.1954700779093076,-0.4382253179718437,-0.082676714879803,0.4607592820133955,0.2036904374011373,-1
pabluccio,0.0006189090998623,2.0,0.2057252716192809,-0.2755054574034542,-0.1738451369084746,-0.2351846954535509,0.0134970235051511,0.1897137372107295,0.2657543165110833,-0.4378070179994634,0.0862337713775005,-0.0121413931741683,-0.5009131580755318,-0.1774171943715182,-0.252404343147047,-0.3501147564221027,0.0806138930037998,-0.0244906794685417,0.0167990118382261,0.1188387348346649,-1
pabluccio,0.0059067303321141,2.0,0.0766032033640353,-0.3242577198835501,-0.1498638285119446,-0.4037910910601586,0.0384076269472293,0.179528208624587,-0.4937555041119066,-0.1888354676238087,0.2265093384403453,0.2052271785807292,0.1232933343321889,0.0816107061709554,-0.1033483118982216,-0.2644279842773684,-0.1153349885142857,-0.0374997793229276,0.4122057330896056,0.0990575191590182,-1
pabluccio,0.0004892750799649,2.0,0.211583022892976,-0.2881382801337477,-0.3013517513899054,0.1471477768832869,0.102374981170984,0.1293450170841666,0.1254853706351621,0.1121351168555477,-0.4735403657104127,0.0013293255849302,0.0965140730786545,0.1204576358545764,0.0717166191735863,-0.3308593348642075,-0.3387007147303492,-0.0715630763815475,0.4307587179918673,0.1901079409903369,-1
pabluccio,0.0005973684835858,3.0,0.1815235716400987,0.0786214280767216,-0.1811255947103437,-0.009760075449571,-0.1870486078966653,0.3893168680726675,0.2297018627332352,0.2249307832019115,-0.3175196494889523,-0.0776134726068116,0.011754637582295,0.2687514855395181,0.2697960881621156,-0.4186144003239888,-0.2915867897293376,-0.0947610734610285,0.2048649280705263,0.2735805235822908,-1
pabluccio,-0.005437235191404,3.0,-0.0448048989945495,-0.1577268893116446,-0.0592372072343375,0.0092973377941119,0.0588115255088436,0.4319448981586969,-0.2071477351868585,-0.2177008842035463,0.0913245867216314,0.1218890748903715,0.0026529213046076,-0.2941523779861485,-0.3876652399722936,0.4723646122256055,0.2956857277193274,0.1109207739279209,-0.1298616957264043,-0.2990656005240757,-1
pabluccio,-0.0003170542494769,3.0,0.2939666302857857,-0.2404983602992714,-0.166081650666502,-0.1441082181455317,-0.4834139665512368,0.1842494022524,0.4350220954402732,-0.4035644438089569,0.0429526534190211,-0.0129770277844454,0.125047736727502,-0.1524878023980736,0.0726472432891855,-0.2499705565927441,0.1470982338896214,-0.0248330254679818,-0.207905527395394,0.1162045506635947,-1
pabluccio,0.0007012347248228,3.0,0.2794541514931237,-0.3665970132478984,-0.2245526108062044,0.1249226699039377,-0.590140507949702,0.2808855680247657,0.054646407587708,0.0860565395346779,-0.2493084269229473,0.1029103826932071,0.140841044350261,0.214062257353629,0.064008307195886,-0.2581220301579368,-0.1468498344810403,-0.060420471157397,0.1418108402829803,0.171680002982179,-1
pabluccio,4.965459339573687e-05,3.0,0.0151738730247019,0.071421536939214,-0.2868923841290601,-0.0185699974447123,0.3899252912300148,-0.3390165345425781,-0.1655756748600742,0.0848176710000026,-0.4099285844185866,-0.1445263655583322,0.0458984858104221,0.2049180956168063,0.2515050792689578,-0.2185683448699885,-0.4312230485654665,-0.0667235563634916,0.1950266248992333,0.1947775013917533,-1
pabluccio,-0.0002524902619018,4.0,-0.0826338965913058,-0.1857061986887525,0.1069744715698393,0.0397579277530719,-0.0858365347787167,0.1193774310623412,-0.0568265905730008,-0.2620238076030579,0.2322768450923137,-0.2099679811914827,-0.1108846167043415,-0.1982088953159254,-0.4639430518142949,0.4104273028655332,0.4583491025583432,0.0986235925014034,-0.1297067650111791,-0.2867170440617569,-1
pabluccio,0.0002819631562822,4.0,0.2622787053047209,-0.3358091218935839,-0.2852140708606654,-0.171025009954449,0.3738956857801471,0.1844646994449985,-0.1752394091984914,-0.2706726183005544,-0.2550937817945952,0.0599252796464712,-0.2762957941337647,-0.0192738318855597,0.1474864121876474,-0.3405926672259548,-0.2628568167463602,-0.0372150896742111,0.2301508764117734,0.1531970735896911,-1
pabluccio,4.2779602143341866e-05,4.0,0.4612145488726825,0.055807205509997,-0.0028458190457927,-0.0067512544396816,-0.2917711122732142,0.3149090003996991,0.1573787075193128,0.1449444176091114,0.2512620393725659,-0.1513290837155645,-0.1425931804468627,0.2682550404076382,0.4308974958508241,-0.3761539020796773,-0.026629546637407,-0.057920452019656,-0.0659771013179953,0.2003248115327077,-1
SADAX,-0.0024415205123002,1.0,0.0048028358531798,0.0433137758693176,0.2019079203308092,-0.0320342212063952,-0.1380208180895801,0.1291816739328342,-0.1232019618736663,-0.240183571165534,-0.0634217640194336,-0.7453396090298954,-0.0362042229531507,-0.130103397775611,-0.0417460669711311,0.2986904159034163,0.3179702481790619,0.0123189403572567,-0.0666714143588437,0.2706503715306263,-1
SADAX,0.0033041569927897,1.0,-0.4767316358541636,0.3652012277466487,0.16663915375621,0.0342830905633751,0.0085599875214882,-0.2603430238687001,-0.1832322318708778,0.0393459190872286,-0.1180008504956645,-0.0968559932026415,-0.1711360082363501,-0.1069446887616687,-0.2760929319927158,0.4435248806802068,0.1058552199024207,-0.1300256544726928,0.2004272757692764,0.3196599053639469,-1
SADAX,6.627518699961603e-05,1.0,0.1374320677130431,-0.4296692588756166,0.0599298542643164,-0.2471660419922333,0.0519066911846805,-0.162296633910354,-0.0806265760296918,-0.4330064204067327,-0.0929077635734023,-0.1128293934497396,-0.4581811671313276,-0.2569216533776759,-0.2531143822462745,0.1296830257251534,0.0886059136586632,0.0490739857292998,0.2666195998976167,0.2219313249253086,-1
SADAX,-0.0013644197774433,1.0,0.0965500800505183,0.1841528080136149,0.1037940991932617,-0.1164039387205154,-0.1035585480316316,-0.2255977225936183,0.5056921290947578,0.2113698536388415,0.4316193785885313,-0.028647590586488,-0.161040117664297,0.1003303678208175,0.050692070681086,-0.0285907063850346,-0.1508154120505092,-0.1150147761119134,-0.4968501589490957,-0.2471544593389794,-1
SADAX,-0.0149061151395666,1.0,0.3578083737611869,0.2873011837031717,-0.4024479591483413,0.0491168467093023,-0.1745446841313691,-0.1742661612939164,0.1149918930744039,0.2355095775864835,-0.2559949885475914,-0.1006710175275085,0.0880173242993737,-0.3862380148949535,0.3455934017183391,-0.1963300770339944,-0.0708047717217373,0.1803502754123904,0.0629409234328586,-0.2519039448225118,-1
SADAX,-3.860532111019486e-05,1.0,0.3285770432375336,0.1963946024618604,-0.3317116926437776,0.038927321682613,-0.1426425993818079,-0.1417474461911343,0.1008945744558512,0.1952190364695323,-0.2298287102615956,-0.0948913271708909,0.1203510614922241,0.2070446431425966,0.4846066290629616,-0.3158440363656436,-0.3195406070297436,-0.1179285690160234,0.1622290049545965,-0.238911629788161,-1
SADAX,0.0022280902381342,2.0,-0.103133089477475,-0.0869697458709341,0.1720518615180002,-0.0167770324638453,-0.1312232233442804,0.0664288400712573,-0.0468807846923009,-0.0985460305621974,0.0845904618511425,0.0504411483554462,-0.0474514606450462,-0.0946369988969489,-0.187423896552592,0.1235857734266551,0.2071960190422769,-0.883779184643211,-0.0967426953045746,0.1170950838971896,-1
SADAX,-0.0097372339771265,2.0,0.0415426449016335,-0.2843609930801589,0.2905084897372959,-0.0390382598844791,-0.21843964280632,0.1161809144394944,-0.0977090816210252,-0.2500465994138053,0.2324391036736481,0.0938095137044544,-0.150896455314441,-0.2222642693619643,-0.3027422098527023,0.4456012343587972,0.4006761233718116,0.0790203050778666,-0.024237450569634,0.3249984390619473,-1
SADAX,0.0071239284343465,2.0,-0.4418281218169599,0.4755676548532136,0.1994290477978587,0.008893493597125,-0.0295961423866387,0.1616844192202406,-0.1584334463938874,0.2027166864338012,-0.0868009192064543,-0.1131367405285865,0.2365660423325152,0.0234384169775868,-0.086590238913331,0.4171554610172081,0.0824016782521378,-0.2299791426353724,-0.0471733389566048,-0.3539629840304674,-1
SADAX,-0.0005504272566748,2.0,-0.194417546480162,0.3563101627650503,-0.0455869729850611,0.7037482557959852,0.0344969011248127,0.1317395479035044,0.1257798562715038,0.3493328597630927,-0.0270654344802276,-0.1465028402677051,0.2295296683157185,0.1667740058759881,0.1936678223988286,-0.0308267900154134,-0.1537805903786215,-0.1124063796286188,0.0409339330350104,-0.048948105127071,-1
SADAX,-0.0004400734100482,2.0,-0.0213685873863181,-0.0050841379009163,-0.4078061078791249,0.1240789559373436,0.227591288059934,0.4686732140078216,-0.2317367318113867,0.0407298262061973,-0.1943960222952212,-0.0245062602664136,0.2293672305278116,0.2904595395531345,-0.0352286948732537,0.0025193004250214,0.1873235445647383,0.3052440914964273,0.1436316148696345,0.4068107217853018,-1
SADAX,-0.0027666931426543,2.0,0.2458707993810894,0.0518362026080179,-0.358436516045028,0.0513837889912674,0.3286410844093377,-0.1551974437168877,0.1155570846751345,0.2256039734581799,-0.2192151182905337,-0.1055910859853558,0.1439372304333987,0.1939619254833707,0.4665061877185855,-0.2992524172241291,-0.3085241704580932,-0.0405954328104681,0.1716776375831137,-0.2415976610349146,-1
SADAX,-0.0009234967834476,3.0,0.1736114574625426,-0.1405295953346508,0.3717868535470345,0.0185623048539818,-0.2996928455825539,0.155758958821137,0.2050512924600071,-0.2096283943562033,0.412710795483913,-0.0158623917512171,-0.163551423173079,-0.102707237207628,-0.1862838808245608,0.1394537187514531,0.3302287271264094,0.0648419483894822,-0.4354147293284912,0.2158785726316527,-1
Pa0l0l0,0.0006433124867872,1.0,0.2019245394399113,0.089276737178581,0.3236271600540309,0.031313972517469,-0.0486214512465742,-0.1083808184903978,-0.230593399154446,0.0205031615747853,0.235473490531436,-0.0424891774842462,-0.2468338021735181,0.215315569942009,0.5783924159937676,0.253947028160671,0.3949104436592448,-0.0622757995823639,-0.0381664279095018,-0.2301738317642046,-1
Pa0l0l0,0.0043885046380949,1.0,0.6561701286127665,0.5181577604443838,-0.2240949578093403,-0.0134881782494245,-0.1099786299753364,-0.0304050751567388,0.2006211063684262,0.2804220559583764,-0.1265924608497645,-0.0532009743612936,-0.1942215255367737,0.123453904173261,-0.084227768166171,0.0880208972069439,-0.0312338932109574,-0.1058891500504716,-0.1104605905418696,-0.087162052111911,-1
Pa0l0l0,0.0009039062938188,1.0,-0.1832800238357715,-0.3991133388976245,-0.0696761855282107,0.1363571101105778,-0.0191558376224614,-0.0952735092639075,0.2405456122121575,-0.3509853529378244,0.4727201243945021,0.0051561915703986,0.4624195409170409,-0.2752271249776485,0.085066093633025,-0.0675986252057299,-0.0888773991480065,0.0254161573422348,-0.1579328580241768,-0.1865624999784394,-1
Pa0l0l0,4.919976338294142e-05,2.0,0.2787932293821749,0.1982124806501161,-0.0420709256368314,0.0399534190005626,-0.1519138887149877,-0.1466829423645525,-0.1506425256947919,0.2316957559238981,0.1161782624998387,-0.0974672237716145,-0.214624825109065,0.1995354408091839,0.5158648518481728,0.2807051173114986,-0.0577927906051279,-0.1081266294950903,-0.4116884785667405,-0.3469062667240148,-1
Pa0l0l0,0.007206646640126,2.0,0.5894071387368696,0.3275178181414553,-0.3918990596596718,0.0540743492218767,-0.2015969422293196,-0.0965328221353057,0.2812569222245973,0.1300941496812016,0.0495611389096845,-0.0178924782881125,0.003601448032545,0.01894031824529,-0.1274356587686355,0.1702384213091785,-0.0644164696853229,-0.1677666233791,-0.3323858962849635,-0.2273497577518065,-1
Pa0l0l0,-0.0004834371434231,2.0,0.0858420374422027,0.3970936317813489,0.1013272810107544,-0.1392953528465568,0.1326763161750831,-0.5304001772110526,-0.130751566265937,0.393503599911117,0.0137822269800854,-0.3221307749079746,-0.2225669610834619,0.2996846258748059,-0.0812076137806623,-0.094023400138041,0.0515379934086983,0.0450541675226612,0.1826696864903296,0.1939446426143063,-1
Pa0l0l0,0.0093707967167325,2.0,0.03602954463312,-0.0499236444269672,0.0043381109215703,0.043591617845173,0.0230393130596028,-0.0743039000996359,-0.0803437121560969,0.1005376254504004,0.0775383346834349,-0.1012768683316153,-0.2094762690326531,-0.9187160191844754,-0.0607696456482229,0.1384356497259655,-0.061275954378842,-0.0620508686361044,-0.0730296164713626,-0.1780203983989823,-1
Pa0l0l0,-0.0001457860025368,2.0,-0.2228340316703276,0.224760865276443,0.3228564674267217,0.0090699291325846,0.3950838880291556,-0.0427045153068517,-0.2146434713225957,0.2085923307881107,0.0414543339567472,-0.1567100664559917,-0.1042345695069653,0.1825537683851412,-0.4078223105764618,0.156495139267666,0.3742808358731351,-0.0576280370644015,0.3187473636880326,-0.2042729505945309,-1
Pa0l0l0,0.003094213435022,3.0,-0.1380814867399467,0.2346231927823154,0.3420893082341771,0.0067410227381276,0.3906724186476516,-0.0350686099257576,-0.2266103929494804,0.2262413636391403,0.0093284695366595,-0.165849171702628,-0.0892171817538339,0.1719823523739294,-0.3458440744899066,0.203828006997806,0.3962866594165338,-0.2751298333336709,0.2660161989792437,-0.1504460373037285,-1
Pa0l0l0,0.007573974225162,3.0,0.26977342918915,0.1632010412280599,-0.1390216262174556,-0.0081005988253176,-0.0655913553902693,-0.0606070491544929,0.1325890793506619,0.1801766942696019,0.0008036783543255,-0.1253992581403972,-0.1561739507196076,0.1304874312139337,-0.1596981123242043,0.1490003368923362,0.0476383633641176,0.8310005848438365,-0.086503417048239,-0.1342178550677542,-1
Pa0l0l0,0.0008836182591571,3.0,-0.1973476490018997,-0.1710673029441412,-0.0719168072132813,-0.3517540560189044,-0.0963335063531609,0.3339619318928367,0.1407922516149134,-0.297186586710027,0.0136217124333514,0.1953842236332535,0.1638148723774447,-0.142299891332629,0.1499805041728247,-0.515831825658037,-0.3433513400152069,0.0531596386806896,0.2567619640665213,0.1151927121685892,-1
Pa0l0l0,0.0029425475673901,4.0,-0.1394321214184904,0.2196328086594488,0.436277210074333,-0.0023945068499655,0.3863104594979659,-0.0473603602163036,-0.2201865939872983,0.1808386908698091,-0.0071799245310165,-0.1353006914332472,-0.0444718192439813,0.1503699729339353,-0.2981932748734238,0.2282826885704811,0.3784120273306693,-0.0805550001518696,0.3695046087376459,-0.1977768710860102,-1
Pa0l0l0,0.0076214441780069,4.0,0.6398574823019286,0.3179288099551137,-0.3975550662752547,0.0363077609177345,-0.1863596908662994,-0.0909294421958488,0.3041634674666016,0.2228991007738585,0.0025636826335009,-0.0757923497763077,-0.0932084180919215,0.0827054507235429,-0.0169460373008956,0.1347725922958481,-0.1640877850117772,-0.1252233078097803,-0.1835955175530973,-0.1699853010974067,-1
Pa0l0l0,0.0006422977239834,4.0,0.0173880524861219,-0.3509338745605818,-0.2635395878001196,0.0899321433959616,-0.2554548867688748,0.114643215108731,0.256829348361175,-0.3850949373993944,0.001666468808238,0.1931088489934312,0.2025297364148137,-0.2237994489296423,0.297705488577581,-0.3154791923703318,-0.3572912502845984,0.0862279770234849,-0.2165033020105127,0.088445030363663,-1
Pa0l0l0,0.0020119094143954,5.0,-0.129812255345532,0.1372951534285191,0.2272629361244648,-0.0232535819033136,0.1944585014748185,-0.0290538149647184,-0.149323215320564,0.1356875101865534,-0.1048173226921606,0.3556024423991519,-0.0778556752129398,0.1030410644465638,-0.1307706873870598,0.0956199771701681,0.2171174712337465,0.7414818095849771,0.1617799232402173,-0.1710905904670375,-1
Pa0l0l0,0.0026809451505145,5.0,0.2295103808756162,-0.3033965011272177,-0.1236504954572375,0.1005142851943744,-0.1248282189275393,-0.0560442806681935,0.5078680712327871,-0.190389606136504,0.5921492731331766,0.1006753145419204,0.0867080326969158,-0.0424250977794699,-0.0466488860378813,-0.2674805922239118,-0.1317699957270297,0.0985322458280303,-0.2007247762126899,-0.0761770751726646,-1
Pa0l0l0,-2.74853344954849e-06,5.0,-0.149422415293897,0.1884100278022976,0.4359289543465058,0.0083864440310013,0.4212467827377648,-0.0532720365374958,-0.1812104581206073,0.2095644046242157,-0.1211722680172261,-0.1408223173881462,0.0173317666026483,0.1026626147370276,-0.3145794367449416,0.066707245223461,0.3531975056846929,-0.0953451420153771,0.4131721388939523,-0.204242186154795,-1
Pa0l0l0,0.0041681137031902,6.0,-0.1360788774745628,0.2000354871250371,0.4406971000042868,0.0049862404854161,0.390608780637715,-0.1249682879094676,-0.2039598924392936,0.2212034022438045,-0.0751135136586843,-0.1368008010750104,0.0142874604758528,0.1054300871918911,-0.3170728485357945,0.2083178987115555,0.389690907420851,-0.138006136494718,0.3388474278660565,-0.1522390309210197,-1
Pa0l0l0,0.0017769246501011,6.0,0.5940289016308014,0.128482373926177,-0.3667499285128222,0.0579399002179776,-0.3338636105716676,0.1950400660748041,0.3077772218006219,0.132995571670672,-0.1928182341454358,-0.0896836399459234,-0.0104817737879846,-0.0162585678740996,0.0154660611631674,0.1211711438445894,-0.1218965775074127,-0.1860162543275199,-0.274199543790844,0.2137174082399118,-1
Pa0l0l0,-3.502905652090792e-05,6.0,0.1675431481859053,0.2627980232535315,0.250843331288602,0.4524482487509744,0.3290053824445038,0.0346997209515478,-0.0846340940832774,0.2849778003868761,0.3757516350688842,-0.2306744671530125,-0.0772062021098678,0.1391739204980954,-0.1792237423428121,0.1091412152565008,0.1682293061697443,-0.0118081543516104,0.2097977641945807,-0.3181069655918748,-1
Pa0l0l0,-0.0004317012187769,6.0,-0.2089621835857004,0.044513743148449,-0.3738588058186798,0.0175810392813321,-0.3632227367994528,-0.0718900200905107,-0.1786847714274664,0.0305072813138809,-0.534034147297026,-0.0830081821853481,-0.3740077412625822,-0.2105442481176944,0.0635826512489042,-0.0113389825804992,-0.1467624492424401,-0.038025267231197,-0.2191838611335022,0.3046710215463293,-1
peppe,2.0037871467459328e-07,1.0,0.0560198537342795,0.0753762285106814,-0.071447129115943,-0.0954788886639617,0.0433351268500553,0.0483272485779535,0.0150584065354489,0.0668310348755304,-0.0856681362839887,0.9502556341458978,-0.1788666983958428,0.0052248252154279,0.1087108851561468,0.0443646033909425,0.0163046929010272,-0.0856377111398345,0.056208875161426,-0.0340869991834016,-1
peppe,6.265375232273248e-05,1.0,-0.3932697027522697,0.459721574840059,0.1974245341816441,-0.4334916114282816,-0.0924728562929468,0.2303295830111275,-0.1777066013816881,0.2574039882665254,0.1830496776826485,-0.1110986797886374,0.2196171171265663,-0.0988811473849645,0.0783815139948951,-0.0073958712765635,0.3270146099456736,-0.1430434832307219,-0.0334550753991659,-0.0953275343885797,-1
peppe,-0.002760152101512,1.0,0.206497540328901,-0.3974628228382607,0.2180250351170142,0.4735954206176201,0.1258592764446844,-0.2483456237861879,-0.1221832294564068,-0.2912062035090704,0.1933806614956768,0.3443209256378761,0.1083767925188576,-0.0026313891522065,-0.3483854617339192,-0.1132952987751413,0.0174979278334829,0.1078234543482687,-0.0924627512091974,-0.1670733606257877,-1
peppe,0.0002496708372808,1.0,0.2827973793861194,-0.2089083408875068,0.3297965943329637,0.2120927943216269,0.0163639294704626,0.1680458615160265,-0.2568310680557865,-0.3770858861051753,-0.1480116645362117,0.0376815444657317,-0.1531778281999286,-0.0992413400012908,0.0762222238625546,-0.4565184716480499,-0.1484597213066441,0.4231534965701284,0.0397551422625281,-0.1115007670032044,-1
peppe,0.0014609203120838,2.0,0.1852921789941259,0.1300967999233093,-0.5481286392098236,-0.0970908201366083,0.0729719670285325,0.2680060927930218,0.4372798618151677,0.1638389216949478,-0.202437902068741,-0.1853836250304328,-0.3750178961210921,0.1567155421703699,0.0314881984937734,0.2781846021183494,-0.0503905997535246,-0.0350461815694313,0.0495296810762475,0.1360726373413892,-1
peppe,8.489215217349722e-05,2.0,-0.292917398988482,0.3071152821442324,-0.2957966029479086,-0.3180374126385925,-0.0416313778858614,-0.0683692424904228,0.1125596231083664,0.3994883500521574,0.08757837006253,-0.2620172357738279,0.2172512426684152,0.1402505813910303,-0.001087638009872,0.3808886407112701,0.2332741272973096,-0.3269780370909059,-0.0327578120053685,-0.0435297526427053,-1
peppe,0.0011121245281325,3.0,0.2137236022248838,0.0170289508534526,-0.2633843883705018,-0.0685958448776932,0.0870817802096426,0.2709765199846519,0.3383325036889715,0.1803998678309868,-0.2244155665522905,-0.1661561689951326,-0.4140630142047779,0.1584772819298057,-0.0252932512300414,-0.0127399432739965,0.0103118657904827,0.5108871357804768,-0.0234955823395711,0.3390154269490219,-1
peppe,0.0030299824310567,3.0,-0.2021720242660344,0.2603848643535162,0.1592837868340228,-0.268306289898185,-0.0161701654374472,0.1663330747685485,-0.4257286920953226,0.3705546683903687,0.251106193427614,-0.1222940781852317,0.2498803832339612,0.1799912059983487,-0.2501430842940267,0.1361614551763758,0.1927070913575072,-0.0141063686103937,-0.1292748189290365,0.3734662761518209,-1
peppe,0.0043581711948475,3.0,0.177328412829043,-0.173921610116199,-0.1122520936612537,0.1446293465025675,-0.6987311884718365,0.056916120189275,0.2871779600291438,-0.2240646503404946,-0.1384315735720505,-0.022496039698505,-0.0784568354675664,-0.0825603731090334,0.3359254588602067,-0.1979683678210011,-0.2672031733539211,0.1295047223984512,0.0877786333163796,-0.0097114255115243,-1
peppe,-0.0374449897861686,3.0,-0.1755782706124403,0.1323003230017832,0.0774504657739407,-0.1022575074907987,-0.0812214886138444,-0.0536380285721252,-0.2345418812580528,0.1377767184630431,0.3036415725538485,0.0069738521431817,0.0862734833267265,0.011896388632119,-0.3468852235090809,0.0122653573553222,0.0474103419699143,0.044988257305049,0.7821828134457737,-0.1239133748381392,-1
peppe,0.0008147692291461,3.0,0.2864400953887356,-0.1501117538813859,-0.380684297296941,0.109962196870276,0.1585146566760714,-0.1108233749624067,0.3163865929635298,-0.0588693836930208,-0.2814718011407931,-0.0196192516742723,-0.2325008594210034,0.0537766782463475,0.4471936627044928,0.1026160360229732,-0.4117058486861957,-0.1056825661096019,0.1826398241693562,0.1906085185756275,-1
bigw,0.0002177346120292,1.0,-0.2075646856594629,0.1711725416482196,-0.4382187049954293,0.108695984760259,0.1610947569030589,0.1890728703879798,0.0813236319334672,0.1253030023146254,0.0809372601726364,-0.0960191002649795,0.1019461938653389,0.0582938375276898,-0.4822639304602716,-0.080452210217559,-0.4017681066451173,-0.4409495402562732,0.0197751048626866,-0.1220411385257987,-1
bigw,0.0001147401666104,1.0,0.055446140487859,-0.1691839547721207,-0.1514542030642029,0.0816890693972488,0.1705159725410686,0.0873056246562015,-0.1043070171938174,-0.272295236507043,-0.2200270323179791,-0.1549944310774772,0.0402577475666191,-0.2517769954696855,-0.1400056497271519,-0.4846281444132064,-0.1370399977906278,-0.3172712463399326,-0.2441143463247071,0.4960061160648777,-1
bigw,0.0011975196493154,2.0,0.2754511341178839,0.2576841156632588,-0.0717904794209859,0.0845366179878541,-0.3659864489034174,-0.2295613386299048,0.0576828710289242,0.3206916940304741,0.2808197860677464,0.4159816610990828,-0.0160398931607904,0.2408276988206712,0.2720934692166136,0.1550919612592394,0.1914669190586888,0.2166878941957821,0.2347844441711961,-0.0750280332276077,-1
bigw,0.0033114708279644,2.0,-0.3469200312784173,0.2840270072630757,-0.3116642950305477,0.1299778842200562,0.1944442866664427,0.2597244867448928,-0.2635960167653651,0.1480712531343699,-0.1979160404555643,-0.1928610065903929,0.3586648873045304,-0.0069959373896417,0.224524104478288,0.2309500193712448,0.0321995668131024,0.2587573923669242,-0.1852799055192405,-0.2777544278214617,-1
bigw,0.000288298433514,2.0,-0.1332482980588103,-0.2721621388947168,-0.0516491551537066,0.1943103785420352,0.167452580833887,0.2388505493914036,-0.492071945204139,-0.2841657393196119,-0.2776390468330815,-0.0795293669855778,0.2872796698090756,0.1133885852950684,0.2002470539377346,0.2487332438174249,-0.0791489013518848,0.2664538731430225,-0.1702025439379577,-0.2697784527993114,-1
bigw,-0.0014330802211078,2.0,-0.025597228318583,-0.2395732149999118,0.2080855291534059,-0.0987466786111869,-0.0351431981636905,-0.0079567851121924,-0.141694158935331,-0.3723973780250341,-0.2743798749717555,-0.0100275728520768,-0.6158462032068199,-0.2624371879966299,-0.1496560324844586,-0.2289756388788477,0.033289353287665,-0.1633330825266469,-0.2308904828285859,0.2222516840656301,-1
bigw,-0.0003405849444044,2.0,0.3495632246035586,0.2478237919880467,-0.1898265475800439,0.0621636266202684,-0.5247659425732154,-0.3854679917841298,0.0477767354507126,0.2603921922367859,0.0762564515579635,0.258621612996896,-0.2537536991774399,0.1836949808142079,0.3105806706346702,-0.014686439063167,0.038548490336126,-0.0682239647431149,0.0027060854818191,0.0937020507481006,-1
bigw,0.0018957297020403,3.0,0.1616678585745806,0.3185568025156706,-0.2386304880438403,0.0802425250895764,-0.3249481045898351,-0.1191673967198315,0.015030180396109,0.3289603454376304,0.0762217746276632,0.4472634145801417,-0.352751761473634,0.2083548598790497,0.2827758041410841,0.1688610867480585,0.194948590648133,0.230741371808064,0.0155805410297476,-0.0842814176224784,-1
bigw,0.0001826629145875,3.0,-0.3157803421009397,-0.2625093053222281,0.0426687081755434,-0.1286067817862229,0.2554713053470027,0.1228523468724004,-0.1640880819090626,-0.2619635573806942,-0.5531900704522785,-0.1348480241663504,0.1504557922491834,-0.0348398048084863,0.0418775194827132,0.1637019178634604,0.1391399002797471,0.1970454667421605,-0.4199217774307986,-0.1611708831081182,-1
bigw,0.0013513810082772,4.0,0.368657374492444,0.2552561019439833,-0.1695476670670182,0.1071630356762801,-0.3219201563038275,0.0387868928802575,0.0843868931887264,0.3231110822453837,-0.0333455306542004,-0.2601795917097461,-0.3740639852309426,0.2350733727338221,0.3372910987832594,0.2018063128388474,0.1684811310662575,0.2517948605087391,0.1123902757480971,-0.1383796052341171,-1
bigw,0.0001894281951134,4.0,-0.2743610035570099,-0.1364942231137126,0.0692832360005936,0.1301163538583389,0.28473583971349,-0.0629312791503786,-0.2710512040021623,0.0863839592809609,0.0700871207763064,-0.3366814263947109,-0.4076847392363406,-0.0583218368049693,0.1342105476260656,0.3509436653215316,0.0707450635036172,0.2887233817934511,0.3402091635665407,-0.2919623578338935,-1
bigw,-0.0005858771793149,4.0,0.0694648392103971,0.426697758344817,-0.1662590347701321,0.5568670571760079,-0.2075116688769303,0.1710605576269101,0.1552183660146184,0.3670272668621449,0.008332819889922,-0.1717012976423181,0.0639097940981054,0.2549799537150343,-0.0027965459743485,-0.1706720665438131,0.1508035887014474,-0.1882348687135825,-0.1775749236185035,0.1635309865251987,-1
bigw,0.0019936482563763,4.0,0.4071944652947656,0.1934765677045334,-0.0312687660621999,0.0770689297513771,-0.5185537747564982,-0.390812105307239,0.1679967560669166,0.1731318498274463,-0.0538304533539047,-0.20299210456666,-0.2813536512880915,0.2569632111539968,0.3114033300136344,-0.023514793041586,0.1293114974901615,0.0171860983276918,0.0120393970667526,0.0776674320134032,-1
bigw,0.0033115564610688,5.0,0.2471365875328184,0.3233132022523206,-0.1388001098769184,0.0874163207362188,-0.376526087206691,-0.1744868203125137,0.1237771447188763,0.2234268030247568,-0.0081938053547985,-0.2684026442949548,-0.3608346447921731,0.2478923807654898,0.2730495573017863,0.1563329575649053,0.2639557004645211,0.2264312892612084,0.2846144050367746,-0.0729560712180875,-1
bigw,0.0048781567956462,5.0,-0.3939667032350311,0.2173961135043195,-0.0355777273846088,0.0171737503252842,0.2522096224082727,0.2854580974683575,-0.2219962396995223,0.2688515272612737,0.0250051290005101,-0.0580011334158656,-0.4085427213832753,0.0609508790907209,0.0712738867813499,0.2563591383182743,-0.0651327128844473,0.3038370491451657,0.3212044512339941,-0.2901136177974269,-1
bigw,0.0006255019720533,5.0,-0.0721774100715196,-0.4147877196977486,0.1882750301892602,-0.5125072143232148,0.1886392151012424,0.0417739162052872,-0.183798306052618,-0.3238423283438343,-0.0527593785357632,-0.0075827888974177,-0.0064287772858947,-0.4389056931539589,0.0736847489341096,0.2053546798865973,-0.0218088413224661,0.1869898959702783,0.1919678064137864,-0.1822961690515418,-1
bigw,0.0019542230085825,7.0,0.188322230513685,0.2728284983329154,-0.0792099129439281,0.1105146192031582,-0.0280595325311063,0.2362298099949935,0.0569342342708404,0.2304057221049388,0.1145316850826706,-0.2213570981448262,0.4510988022952331,0.3149709561403173,0.2603107694077206,0.2425073778679232,0.303597062503881,0.2199086787594853,0.2798214590490167,-0.2201717752086642,-1
bigw,0.0008593117172125,7.0,-0.3486969218990007,0.1749733807885204,0.0448030364781543,0.1353220964607859,0.2485610662773462,0.2707836931282434,-0.2468884264444288,0.1769180574939232,-0.0912914192462573,-0.0863169796271307,-0.3591631145599925,-0.0390101179241009,0.2603378137762199,0.2926663546438801,0.2797276938714532,0.2399100426296758,0.3175707238752475,-0.2524390218917158,-1
bigw,0.0005422580642573,7.0,-0.3557377523943456,-0.3560878359061608,-0.0190485640873575,-0.3575017047301745,0.1280091355588838,-0.2726006771169479,-0.4511450168966462,-0.3267642393367927,-0.3610145027804284,-0.1579509195549474,0.1234918359666845,-0.1288987625600494,0.0499698107245567,-0.0246304181806694,0.1070030457698317,0.1032789259448702,0.0350313597806953,-0.0623338823202401,-1
bigw,-0.0008340896701083,7.0,-0.2696780392537016,0.1301402118058475,0.4717259393142364,0.0544781445149402,-0.0343112031323714,0.0915649667696406,0.271461265406282,0.100355935130378,0.2446353960976543,0.0974269170117303,0.0697768124918908,0.0923405351521374,-0.4437487322658536,-0.0247688140716155,0.5492407491713218,-0.0173986237708099,-0.0957076884082933,0.0114695788079937,-1
qwe,0.0005252273959486,1.0,-0.0544331615449871,-0.0790732403264709,-0.018169711538972,0.0504492552875266,0.022743551208837,-0.2132003574102991,-0.1958982805136367,0.2314216912755991,0.1747175600300508,0.456905139088485,0.3330785599718809,0.2988353541011331,-0.0434252840546217,0.1353676457859031,-0.1928232785783681,0.5354066728468906,0.1271451245986168,-0.224178061564339,-1
qwe,9.648898860099114e-05,1.0,-0.1368642180477121,0.2267987890103907,-0.3425354141828896,-0.0559963216682234,0.1538887332229025,-0.1582895977310812,0.065850090666398,0.2516932507530291,-0.2796476582755126,-0.0932467145460784,-0.2230002418847524,0.1785116867490413,0.1402666985439656,0.1032171008439621,0.3152570162478567,0.5930522993209202,0.1334751649702853,-0.1587636173059833,-1
qwe,-3.145630637759299e-05,1.0,0.1828061770620566,0.0573704866331155,0.1494057656971281,-0.0463220314884855,-0.4868739494641586,-0.2099328895607456,-0.0454680733014054,0.2473949642648007,0.008223581024212,0.1459074676748614,-0.4255277517298415,0.3387776390312501,0.312833548407434,-0.066840199530601,0.2887797299284946,-0.1098348375733935,-0.2726503943155616,0.0714434410841445,-1
qwe,1.8100192446713363e-05,1.0,0.1045817663457589,0.0246475033866001,0.1174575269208043,-0.0193364082753818,-0.312129143084549,-0.1193517523649237,-0.1090228664822964,0.1620391944636384,0.042905506266994,0.4053833612141114,-0.244273099621298,0.1963644809299663,0.2835491451989109,0.005469633698514,0.3303211515296603,0.5768716117220314,0.1404049277060486,-0.1342812428835693,-1
qwe,-0.0006637892957509,2.0,0.0818390659162709,0.0695625304581873,-0.0453429126475079,-0.0496226619725463,0.4191282923127614,-0.3519367716453019,0.1445988872671086,-0.1950554206505274,0.020809795981507,-0.268267464679161,0.3123181420794677,-0.2277698356673481,-0.2232674145257827,-0.0307278067251814,-0.3000237382276294,-0.4302393438199003,-0.1778455625440412,0.2147036193265607,-1
qwe,0.0012081934969316,2.0,0.0086932129205718,0.1054943030148767,-0.5951807998223996,-0.0268109261387041,0.2266432363712743,0.1677216604090891,0.1014997306184443,0.2633604450952116,-0.4011618746743787,-0.1929557610142929,-0.2449220045161387,0.1188578005079108,0.0184889031511965,0.0047848583164629,-0.0176687198968877,-0.1174874553017383,0.2234607482125342,-0.3714647653116178,-1
qwe,-0.0007814962535605,2.0,-0.0574648739996195,-0.1962250817023942,0.1584979597141457,-0.2981305935548801,0.2119527267761965,-0.2370330475845614,-0.1654955296555276,-0.2531570660241975,-0.1138552197376965,-0.2009639038494686,0.3164935058506493,-0.431478234663534,-0.0500229103128186,-0.130853467088471,-0.0004843297342112,-0.0954652189036944,0.2808796453153682,0.4519744572117453,-1
qwe,-0.0023268488748415,2.0,0.0715495508378296,0.1809663202286614,-0.0748470998434293,0.8142115992130341,-0.1199880826124097,0.132087168295035,0.1840625022279299,0.1573160511781117,0.1729602483159784,0.1262683134397053,-0.1721158155999503,0.2413639899382325,0.0430362918651435,0.0591010549014632,0.0071735741066846,0.0580948417518039,-0.1502324043395729,-0.1950309310537146,-1
qwe,5.3592050124016514e-05,2.0,-0.4094214611334183,0.3418909483721126,0.392583449033926,-0.0344233953334753,0.0416770557776441,0.0943662418940878,-0.0580718008563547,0.2540418284289583,0.3501770351252855,0.2079208144959057,0.1068382511158206,0.1015972094174813,-0.4171214958855156,0.2275323917875706,0.2041247734342768,-0.0286793795640399,0.0621346173523975,0.1480657441776224,-1
qwe,0.0004888305195013,3.0,0.1458347004723421,-0.0236518362325952,-0.3186173966059716,-0.0054403607103865,-0.0630586880885745,-0.2407632417904361,0.0653722552783467,0.1927718869312591,-0.0073941850196122,0.2063372415743035,0.3857285543095364,-0.3507166381108306,0.0302313540999592,-0.1707686470452645,-0.4997504670433939,0.1202240235923564,0.217460453595818,-0.3424334245263414,-1
qwe,0.001723722905008,3.0,0.2091226355098363,0.0332803267803242,-0.3521505149526157,-0.0485440716385585,0.2771920240727614,-0.1409716071449575,0.41355439870336,0.2132017595116039,-0.1935220494327496,-0.2458480475476911,-0.2660724105357341,0.1906063282499324,0.1884674328104535,0.1399603526834348,-0.1538080666238119,-0.1345617357472046,0.2897984565212965,-0.3601802892435251,-1
qwe,0.0004318145296818,3.0,0.2112669010332917,-0.1879067035580144,-0.1420628679055187,0.0147180087692947,0.1893005130006495,0.1026462072598012,-0.1869187635713341,-0.2519208178317701,-0.1803319649095763,-0.2460563623121801,0.3078431683965185,-0.4827658723535676,0.1155926879221212,0.1076408663050839,-0.3026778732923436,-0.1262379892159538,0.2895012507287382,-0.343048770339124,-1
qwe,0.0022727571831303,3.0,0.1829875142443538,-0.161795864091649,-0.0721755256004043,-0.7861635070118899,0.0793172054038769,-0.1837232070398521,-0.1818609309929536,-0.2652583448233518,-0.2006692671085209,-0.2001097206404685,0.0768724653781178,-0.23325257564319,0.090641907418564,0.0291164889609671,-0.1241544092029889,-0.0292225245569935,0.0873166613262106,-0.0031757183757534,-1
qwe,0.0025287943617814,3.0,-0.1597765763293027,-0.0320904291251056,0.2257464610397275,0.0243611039407763,-0.0269641668657925,0.211223967566355,0.3204436139705616,0.2297549615480727,0.4018919484696749,0.5122019070998866,0.1431520988768765,0.2659844046391153,-0.4061935370840117,-0.0230188664976823,-0.0094824920896107,-0.0729171767315794,0.0929803099905407,0.162447690486036,-1
qwe,-0.0022036936960726,3.0,0.3260887502941689,0.0571924537441084,0.0573023159904044,-0.0199025110629878,-0.2658259043610059,-0.0919162359742416,-0.029031057441127,0.1659466548034791,0.0973597590242074,0.3784616331580056,-0.2399672849578741,0.1983017268835047,0.4316669265013431,-0.110017156638123,0.4667377302213097,0.2090871677426568,-0.2265655119041663,-0.1351620779444407,-1
qwe,0.0008559535392271,4.0,0.3167821614233062,0.0322649297354885,0.0332996682367501,-0.0162452347472257,-0.1592912669965706,-0.0008787099268049,0.171566275700752,0.1962169504035295,-0.0160733763656857,0.1367133740221806,-0.2682534069344255,0.2336040915348117,0.5172916815852974,0.0746730848872553,0.5519161501432615,0.0804764305024155,-0.1338231987321785,-0.2372377413149481,-1
qwe,0.0002993826018837,4.0,0.135272206544091,-0.2897651367092493,0.1998450354957763,-0.6871658400965258,0.1188480844658184,-0.1076614862565606,0.0348864699004406,-0.3596300137743988,-0.084435435981291,-0.1316469652415852,0.2278863923906762,-0.2583995605158264,0.2143499740481803,0.0907661299782307,0.1065051936083622,-0.0800802812751101,-0.0636591640031368,0.1008964055992169,-1
qwe,0.0005183056348238,4.0,-0.1632101502045075,0.6326959656908382,-0.166611512182641,-0.0490058103666511,0.0644061504909474,0.0107927033085487,0.0483785919430116,0.3337373385067492,0.0372298618197399,0.1179527371929692,-0.0480175386842655,0.2218184311304016,-0.0869373246909028,0.5706758035678878,-0.0146006473102539,-0.0634211375995494,0.0802305132724415,-0.1191730892364202,-1
qwe,0.0016034744458964,4.0,0.1297816210203445,-0.2077377597193616,0.2399991209858201,0.1634866795522328,0.0424863298086449,-0.2468611907672816,0.0913596722065436,-0.2281865008568044,0.1113589103313053,-0.1868914630987301,0.3110692180112792,-0.5105432675649989,0.0198927827147688,0.2412272289600626,-0.175040818774247,-0.1777708644103994,0.2732161474095584,-0.3637172447787963,-1
qwe,0.0001241298008153,4.0,0.4148452652157097,-0.0845349794840998,-0.0214535481079942,0.089004508103242,-0.3816098298401104,0.1128421500375721,0.3153446832251246,-0.1739657299377143,-0.3110387628777888,-0.1180673810126345,-0.2916535737259329,0.1709706732476633,0.2429953602026737,-0.0517038314826254,0.2286763035110382,-0.0018389684047091,-0.381385154673924,0.1996515233557383,-1
qwe,-3.6637915114229343e-05,6.0,0.1090486545101337,0.0364303933171457,-0.2436391226036698,-0.0157052629712742,-0.0562452331919792,-0.4874537308474293,0.1575504170891046,-0.1602874195670908,-0.1303980680835288,0.2484366958464157,0.2313061766990011,-0.3136500417603998,-0.2397039708026235,-0.0935596212857651,-0.466107991733858,0.0687050791682544,0.0380316379035786,0.3400698303267622,-1
qwe,0.0078413728625233,6.0,-0.1513180834542531,-0.0259694001028495,0.1390869597535652,0.0099569389145116,0.2041408533891252,0.3015893285749008,-0.5639003471527391,0.1459793434849596,0.1547304547409966,-0.2556496222588444,0.3350299578211356,0.2104061135635579,-0.0455789196978805,0.1015288690170142,0.1768277451962202,-0.1640499451907555,0.2165774460283231,-0.3489628919625909,-1
qwe,0.0016466026713901,6.0,0.0436520254331091,-0.0108933509629154,-0.1020539271426452,-0.0032288011058564,0.246685039270187,-0.0255500623871128,0.3619442457217706,0.2840705391328466,-0.1163345644164021,0.3767203975530414,-0.4146317226941565,0.2034145557838373,0.2177505300801217,0.0632175695398486,0.1476898033728661,-0.1890356166298387,0.2778514659732256,-0.3992937692099328,-1
qwe,0.0007947994691399,6.0,-0.162575089659852,-0.0190141567830918,0.0680173513862402,0.0125695581316794,0.0055318105756814,0.3906982772721863,-0.6873391084944691,-0.0877929814681067,0.245166486571308,0.007896528691128,0.324069434801416,-0.3876631995617681,-0.0324886549674,0.0180337132902001,-0.0085182072017184,-0.0487560439274546,0.058461259244385,-0.113508464607039,-1
qwe,0.0022954514193272,6.0,-0.0683769382277625,0.2562969890076458,0.1197635628497305,-0.2104042889072534,-0.2779163158476406,0.2720352964795295,0.1423810429528419,0.2764253516895327,-0.143385270385934,0.1791857282088733,0.3490893198010533,0.0533607671983732,0.1547906032120692,0.326000803191743,0.3595565276863579,0.1256582830795644,-0.2576569573912629,0.322532022930536,-1
qwe,5.685217477804974e-06,6.0,0.0343765034956236,-0.2024886700900916,-0.2911084155615234,0.0484856403055626,0.1686259585478131,-0.0631075534369149,-0.136469086295023,-0.4635361162688894,0.0640413640259414,-0.163753680588854,-0.2490565595133202,-0.1461621767240212,-0.1888128563593945,-0.397836577047276,-0.4231671325670058,-0.1104570800350317,-0.1261000334337432,0.2990134578995291,-1
qwe,7.3285464417430914e-06,6.0,-0.2367053286157352,-0.0909166483798723,-0.0091335452068677,0.0649247060069194,0.1362494303866772,0.1433445506149536,-0.6907793989040162,-0.1089005540607377,-0.0930101567344672,-0.1485719187993572,-0.0548023495359168,0.1064150287243701,-0.1043457604592533,-0.3237638029025642,-0.0553875647270787,-0.0910451122013906,-0.4070928856640635,0.2557624385181839,-1
ocran,0.0022423377256926,1.0,-0.0846122442347702,0.2580856230325056,-0.2452626965713767,0.1306608331867093,0.2141154591485967,-0.1076209910363592,0.1680308006714221,0.1420190741321283,-0.1001709072668315,-0.1129234163024165,0.075807308295711,-0.3170250202359276,-0.4199785809366934,0.3838370795237024,-0.1871521237193741,-0.4721065089234997,0.0935888860327188,0.1541274661124538,-1
ocran,0.0001892076763695,1.0,-0.2748060811831588,0.2765778278606121,0.2107532286735895,0.1722841935011962,-0.1359480011128306,0.0871921259809365,-0.1874103478885817,0.3183984781164349,-0.0242953615715593,-0.153263493981854,0.3204876370092918,0.5276527444853262,0.0312358425555526,0.1929332730941746,0.3674852493386312,-0.018500900950598,-0.0400820391539784,0.1757842601725991,-1
ocran,0.0003931567179855,1.0,0.1396212036742202,-0.2242447599004255,-0.0446608610143893,-0.3214467876737354,-0.0702335530805142,0.1002490990345113,0.027656502203327,-0.3234279033420245,0.0718203383131119,0.2058305478487359,-0.2980057516026878,0.070403318993998,-0.314635395107937,-0.3084963664872951,0.0735837686192108,0.2692832620804655,-0.3264379797331598,-0.4296519302168125,-1
ocran,-0.0029882034626847,2.0,0.0086332492771561,-0.266397345684484,0.3364099646908963,-0.1052264986127443,-0.2207920603516603,0.0023268906590001,-0.0966417688371381,-0.1461169147444457,0.1937516551938483,0.076362552379369,-0.1322602898458355,0.1028150917362252,-0.1810952272284685,-0.3783222848213736,0.4340899816706202,0.4884867475979425,-0.1635409571741371,-0.1552815045688007,-1
ocran,0.0010938509307501,2.0,-0.2849200768914206,0.1111509027977445,0.3275107058568641,0.1839158072280864,-0.1822718978050227,0.1180767922887817,-0.3332581398142334,0.234919598975331,0.2058348861319102,-0.0501694386667444,0.2613141749609365,0.5558139887967771,0.0957293738596611,0.167269234266981,0.2231723712976168,-0.0531134538619117,-0.0440935212466821,0.1953223102672007,-1
ocran,0.00093708500836,2.0,0.0483471571294208,-0.3490087599179797,0.3074726561782966,-0.3134040649014336,-0.3312827595696196,0.0234301359724907,-0.0645045295886312,-0.3135270630565781,0.3642848719900868,0.2169931467745067,-0.2578816034858331,0.0847128278711588,-0.2597230314102479,-0.0978184982734965,0.327714497592069,0.1790001660211531,-0.0201191940573212,0.0008835841857339,-1
ocran,-0.0025427108046756,3.0,0.028586706091157,-0.3103128724848243,0.2823380955451117,-0.1006423779250046,-0.3218105408312273,0.0989401556019134,-0.0784378552886845,-0.1487236084141404,0.1272281133019845,0.0918623592159997,-0.1333214967135175,0.1245887542041255,-0.0992479791388558,-0.3928010087138024,0.4407962018463723,0.4478183244702928,-0.1811639286458815,-0.1472897633616101,-1
ocran,0.0061800371930622,3.0,-0.2617214906550232,0.2789734911537921,0.1715223334121786,0.0085530362721603,-0.0574042280502396,-0.0106243661674402,-0.2131818870869207,0.2937465465007349,-0.089312390801532,-0.1346024740634148,0.3779288788651092,0.1517921467194978,0.332331556935594,0.3694000085551338,0.047538864876716,-0.4734388733353596,-0.0664163397895316,0.1391374176500957,-1
ocran,0.0009919978320741,3.0,-0.5171370944302223,-0.1443737735167225,-0.2034192119730348,-0.076881512711707,0.3381213227535877,-0.236688118416479,-0.3836475273603117,-0.0122207061098426,-0.4405998788762838,0.0039232699781615,0.1170907992294265,0.0714534116892558,0.0322606509144917,-0.1984544948194303,-0.2431253256149188,0.1180278029488621,0.1338916189793934,-0.0490035967307152,-1
