Username,Adjective,LogNumber,Label,1,2,3,4,5,6,7,8,9
grims2,0.002046961482406,1.0,-1,-0.0410214174537781,-0.2737194113679468,-0.3583351461984104,0.1570698645024756,0.0160596554446543,0.023097083170843,-0.7047767603032222,-0.1960054574202488,-0.4841488395406694
grims2,0.0002336785003997,1.0,-1,0.2749346208531709,0.3338632683703295,0.2305081076361435,-0.1080123876887107,-0.2544165588687318,0.1041085326889754,-0.0171741393494879,0.5037425806353258,-0.6469371670389643
grims2,0.0040990121813377,1.0,-1,-0.1836321160965516,0.1427091317038635,0.1323999602495052,0.7341050860371309,0.2868811253749013,0.0299433380990873,0.3911185314389598,0.344709501444491,0.1856814294231215
grims2,0.0078994746958106,1.0,7,-0.5141994054313626,0.3383327792457604,0.2682570577694456,-0.1299557100734923,-0.2215907216401472,0.1464375804469507,0.0618498286069911,0.5910661282994085,-0.3294671214435848
grims2,8.881856989990601e-05,1.0,-1,-0.1200465490926549,0.160984907676117,0.2244184415452076,0.6188700871187228,0.3990800870704107,0.0518505150776752,0.4011799486131799,0.372891591718009,0.2536966333287261
grims2,0.0069847042642751,2.0,-1,0.2950358628556196,-0.2706642787362008,-0.497620384230152,0.665191503689778,0.1229463788577956,-0.016207525206041,-0.2571892684421561,-0.1650075071352332,0.2020807049237439
grims2,0.0011142101518992,2.0,-1,0.4211057673221487,-0.2772045177713512,-0.37443084136058,-0.0682986126306484,-0.0505278342433409,-0.1957214765312151,-0.71786689268118,-0.131497602473869,0.165770863341312
grims2,0.0419965950933225,2.0,0,0.3788513524656179,-0.3161833347554213,0.1932929309918974,-0.0561193902975582,-0.1576976110832718,-0.8076420680962964,-0.0405898263253153,-0.1498215571436802,0.1214081081839061
grims2,0.0021056788453546,2.0,-1,0.3689701922029772,0.2797884080496414,0.3826290485950091,-0.1424374870181403,-0.4166226444629972,0.3214076362730199,0.3327610198901155,-0.4114588824709569,0.2489586563939319
grims2,0.0031810302986218,2.0,1,0.2994030630757467,-0.3876701372174617,0.3777832910407968,-0.1348914287648835,-0.3900335924093864,0.317461398290247,0.3793908148946325,-0.383312658701972,0.2353291962911744
grims2,0.0013386051368726,2.0,-1,0.2710647779828345,0.3399542240727295,0.3893671298408263,-0.1448349102391014,-0.4015970791667426,0.3281593892389097,0.3931606779510701,-0.3982877098483157,0.2370524866009627
grims2,0.0033135462644497,2.0,1,0.0203179802941917,-0.6090969228398012,0.3994699066854937,-0.1001907109955318,-0.2766685070486678,0.2364259277075487,0.3371190252659771,-0.3968313169582299,0.2353863206449004
grims2,0.0022263087666322,2.0,-1,-0.628282306428627,0.438684753998985,0.2944989615856756,-0.137249865200161,-0.2504411283394131,0.1722479558255627,-0.1045144254297614,-0.38497151294611,0.2360792625626788
grims2,0.0082912267617454,2.0,-1,-0.1534102333218584,0.320381964172875,0.2543428025791059,-0.1649373527242027,0.7834134987490301,0.0776095824166743,0.2160459951871138,0.2645487119043924,0.2133172648560162
grims2,0.013145112467361,2.0,-1,-0.6378038698701745,0.255596892678714,0.2703072785700627,-0.121916811008908,-0.369157204421403,0.2434998389021413,-0.0912388296589519,-0.391600034607166,0.2875802394352176
grims2,0.0097600550459113,2.0,2,-0.5036199653660762,-0.4254079471942041,-0.4659840070977175,-0.1063694876579113,-0.3009084856295865,0.1691591938341933,-0.3486954067739243,-0.2335815836190968,0.2040339522713567
grims2,-0.0047927244736853,2.0,1,-0.0707575016344466,-0.4530018309523445,-0.4256510636802675,0.1015508091912568,-0.7159877611593486,-0.0070009042944139,-0.0665423337509076,-0.2678667779585902,-0.097073902522171
grims2,0.0072636804969932,2.0,2,-0.4483768826863423,-0.467699291709538,-0.5382795300469448,-0.108000862771753,-0.2334248401225232,0.0052925277501859,-0.3533332084412193,-0.2283837983592732,0.2174576335824626
grims2,0.0163006860896502,2.0,0,-0.0445513946072816,0.306861101466015,0.217172899507304,-0.0570389890822695,0.3566508394617759,-0.8039125670491336,-0.028480303411022,-0.2364216761789877,0.1524872115676963
grims2,-0.0038201370948452,2.0,-1,0.0082084544316293,-0.3777600119192918,-0.3052908142360098,0.1325984364863657,-0.80605176673929,-0.1605467507932745,-0.078501802444669,0.1168225484297018,-0.2261424714479483
grims2,0.1028970042627361,2.0,-1,-0.5448717329297164,0.4776039523001085,0.3155560669951104,-0.0657008770920537,-0.2722911691693492,0.2214375578219629,-0.2336077605270735,-0.3613524399185434,0.250582877104702
grims2,0.0011008030754441,2.0,2,-0.3189103123512272,-0.4799521343691442,-0.513306925092426,-0.0153840564214916,-0.3926958711263232,0.049446789118095,-0.3869450904260554,-0.2996881052217388,0.0895935113763749
grims2,0.003175718998513,2.0,-1,0.3806009633187693,-0.3442105135729099,-0.7274597203634584,-0.0520799175944875,0.2521034202085515,-0.1480768394900139,-0.0011937175277489,-0.2028758829402694,0.2794801116076752
grims2,-0.1041055287043707,3.0,-1,-0.1214972898923862,0.2331070730061781,0.4787781026801521,-0.7566552945243257,-0.1700664456537587,0.012539445460056,0.234911730009402,0.1202436198313854,-0.1744187836492495
grims2,0.000307884919947,3.0,-1,0.3304860979425782,-0.3087358097879504,-0.4488699614331058,-0.0826359059437515,-0.017121123304848,-0.0504586156135687,-0.7261456136657729,-0.1353043628885563,0.1967594368196503
grims2,0.0003412651811868,3.0,0,0.1731277041802122,-0.2765047757580035,0.2152506314913271,-0.0664948242922817,-0.1564987483749004,-0.8784607960051782,0.1125278107999251,-0.1494230585749788,0.1079005283348641
grims2,0.0267583860428085,3.0,2,-0.448900166962555,-0.4598852611085571,-0.4993660242470361,-0.1309732728894433,-0.2020763893242932,0.1871364435663201,-0.3975457755110876,-0.219346905719601,0.1961202131958153
grims2,0.0700283779452685,3.0,0,-0.0507219622764758,0.2592477110314916,0.1749229846588045,-0.0559211052583176,-0.2885428603368696,-0.8764436780806191,-0.029491853329384,-0.1749081631865319,0.1167028201524933
grims2,0.0003527966889574,3.0,-1,0.3824830216695213,0.4332685345246093,0.4109791895571888,-0.0441117617932814,0.5084929594693479,-0.0280488829023188,0.3669977274671726,0.3179561008909674,-0.0003600361624751
pedro,0.0002908166217536,1.0,-1,0.5078622603013297,-0.1824431213638851,-0.3463969239562846,0.5076578259024275,-0.2205034388967199,0.3261822810525063,-0.3660210028003339,-0.0151626178951211,-0.2046098931918508
pedro,-0.0003470371131242,1.0,-1,-0.3556601813888326,0.2610122522192861,-0.415484874809245,0.1657450139315213,0.1268839499756231,0.2447867658925099,0.3176379761174824,0.1191944771186809,-0.6435511199293553
pedro,0.0136188409089048,1.0,-1,0.2541680020348608,-0.4154627145419672,0.6034592849781959,0.1008712322523847,-0.3051779808612667,0.2472276591831991,-0.3475562435850281,-0.132132693938067,-0.3097446346823256
pedro,0.0039852120497608,1.0,-1,0.266239629993994,-0.355918501851714,0.5283185998674431,-0.3831549747326284,-0.3173427100484247,0.1830052813991528,-0.3207022945894603,0.331585068378286,-0.1717971299667043
pedro,0.0002518050856853,1.0,-1,0.2247158017034843,-0.2868056234220462,-0.2762463946852761,-0.3308091460617753,-0.0872125368959907,-0.5857685183112951,-0.1891483825429658,-0.1530997633842017,0.5211056988175763
pedro,0.0005167063604433,1.0,7,-0.419653693517548,0.5220855371391719,0.3400238108163703,0.2751342899715918,-0.206950818970384,0.1020394709058693,-0.2040876784904203,0.4912468402858091,-0.1542286169595662
pedro,0.0072166026073403,2.0,-1,0.3770575842527736,0.0741515227799016,-0.4518360219364939,0.6228106766069839,0.0575035251233446,0.2267718579618154,0.3603353903081049,0.0020819334257861,-0.2751402211445838
pedro,0.0007441421236109,2.0,-1,0.320105583002683,-0.0420431312171728,-0.3751537075984493,0.5749971418572725,-0.0574356923388299,0.2430969958750626,-0.4737494538726184,-0.1229432302820594,-0.3499345400276462
pedro,-0.0019238379730673,2.0,3,-0.1828463160126298,-0.2406703971121527,-0.2006753621795126,-0.3625591463823861,0.3360763132805336,0.2910412684932809,0.6392770466755203,-0.0705246234201328,-0.3544348682535974
pedro,-0.0093341695475244,2.0,-1,-0.0919005393234607,0.3458213363759259,-0.651537113237473,0.2227778684920403,0.0520335670328506,-0.0035042391158048,-0.5266725462966443,0.1583858624391529,0.3043706315175972
pedro,0.0002984949209667,2.0,-1,0.0203417341129916,-0.3498433520912382,0.4014468809441309,-0.3424989029671543,-0.1546865495880357,-0.5595959417370643,0.3799648661086539,-0.2721469873683501,-0.2078891946559205
pedro,0.0020239110776608,2.0,-1,0.010662152624404,0.5525071868703788,0.3707106824382658,-0.1612509532133594,-0.1158250583014958,0.0856390427059377,0.1471525767320356,0.6314270973779457,0.3001504573772682
pedro,0.0435627016236188,2.0,1,-0.3915810136346226,-0.4061106256031315,-0.3370600575277431,0.5212068994682072,-0.3756781530669974,0.2172315131389108,0.0163019025940767,-0.2965117356880641,-0.1412932718775435
pedro,0.0169826812533056,2.0,13,-0.2707761631706074,-0.3083981985012795,-0.2643721721167746,0.4020251265916441,-0.3032334399522529,0.1617822410539829,0.4312784383046735,0.5339204587339872,-0.1042008281735168
pedro,-0.0159098858024783,2.0,2,-0.3162725605306737,-0.3460621895558636,-0.3044416688976807,0.4821705700083121,-0.3517802831598169,0.189362246076598,-0.4072236980762349,-0.2547152691154673,0.2544032303592127
pedro,-0.0047107990013864,2.0,2,-0.3143340130618122,-0.0059652187614067,0.1080231045808926,-0.3258917564438238,-0.3590472060869535,0.1707481765115603,-0.3395629122046341,-0.214931268696965,0.6809668558504155
pedro,-0.0016522446127793,2.0,-1,-0.1159013741070675,0.5948789100747328,0.3723514093830411,-0.2939752460801475,0.0197401166456431,0.124933233110924,-0.263201630428817,-0.2371923657417088,0.5158348911073213
pedro,0.0006098525900938,2.0,0,-0.2025322834883512,0.4251178865829631,0.2712680042810635,-0.0056844659061613,0.5382643003597991,0.1192135255832703,-0.0438144696052991,0.4966992832473417,0.3899571847061235
pedro,0.0115996026522485,3.0,-1,0.040805168269322,0.1400236962965902,-0.4224549052824111,0.5448026160811832,0.2764451005518077,0.2200102206848571,0.5932392290906641,0.0024601098729448,-0.1633555610755534
pedro,0.0005573049983079,3.0,-1,-0.133920097771427,-0.1063351097170667,0.4845778802252273,0.5274613483259122,0.410927638141204,0.1984439036569196,0.4002796958957794,-0.0886957707384496,-0.2852976945100983
pedro,0.0064192765325335,3.0,-1,-0.1195960397054552,-0.0486905423721819,-0.410556897415391,0.2298974153700334,0.4679423324772827,0.1579649900974368,0.5975854626765928,0.0522969841354817,-0.3976806588058719
pedro,-0.0002364933530112,3.0,-1,0.0804505389170375,-0.1549238981882651,0.5920403481834557,-0.422199586565769,0.0154576592944298,-0.4483316320392574,0.4192471643137883,0.0073287691571827,-0.2523884795791158
pedro,0.0057470119337418,3.0,-1,0.1492000987112379,-0.2104375598693578,0.6150474281341136,-0.4432397987982159,-0.0357374091259649,0.2543363385082955,0.4645383901413482,-0.1033777937680945,-0.2574169500856531
pedro,0.1531347577248442,3.0,1,0.0694221916362679,-0.192381212513185,-0.3274791309301076,-0.4073220265707325,-0.0240384347742927,-0.6361726186811366,0.4368490382571554,-0.1610742810273756,-0.2508799723278964
pedro,0.0038941759449629,3.0,3,0.0652307367275742,-0.2426758274236375,-0.4222432658601738,-0.5342569007779312,-0.0329057529572947,0.0995504290677461,0.5537585638193203,-0.2213217641652051,-0.3263566076785196
pedro,0.1550776858374859,3.0,1,0.0470762690872438,-0.1879865938041441,-0.3267939369901945,-0.4134773559268422,-0.0260556234323208,-0.6417343414366372,0.4246768136304948,-0.1703448657523242,-0.2506340649350133
pedro,0.0108629459070773,3.0,3,0.0426940496684074,-0.237446430781494,-0.4160042690011153,-0.5249009553295322,-0.034071907015568,0.2200067566218116,0.5445899032242745,-0.2120852776223172,-0.3195209702259717
pedro,-0.0008038499836603,3.0,-1,0.1300772117076842,0.1909084951597811,0.3048013535137152,0.3985198402749849,-0.0578936467004764,0.6161755722158523,-0.4699875281755685,0.1187464007670411,0.2773065863157057
pedro,0.004545872557188,3.0,-1,0.1351388993738938,0.6275902498408386,0.3928230103524583,0.1930809341152364,0.0436626278624527,0.083076527920068,-0.2464575777532312,-0.1828328323439488,0.541572224935453
pedro,-0.0002260391030129,3.0,-1,0.0175365313047958,-0.467014232015643,-0.3139389913091237,-0.1652009204739227,-0.6321386363933462,-0.1298775460318974,-0.1699432250253418,-0.2543160710769878,-0.3817281053976213
pedro,0.0007994687552916,3.0,9,0.8769660228692893,0.1189803432733917,-0.1879390018073455,-0.2383359317703828,0.0695470617764295,-0.2080054872531117,-0.1569327468170795,0.1478661461827103,0.1733603966727958
xxx,0.0011027532901139,1.0,1,0.0058935527763814,-0.4189905041952801,-0.2260635270674906,0.5302708048095733,-0.3759529501855003,0.1882885019993172,-0.1540652677977527,-0.521701996040965,-0.1393489094798494
xxx,4.882845984418525e-05,1.0,0,0.3044598242124287,0.2815817811514701,-0.0267281658761888,-0.1561127444095232,0.3867247932173466,-0.7494468080896465,0.2626865103917312,0.1457712258550698,0.0380827424444538
xxx,0.0007911729446843,1.0,12,-0.535167542061156,0.3147005084582828,-0.1647519313810551,0.1852883549913861,0.5326396728132812,0.202742205278888,0.470368402945274,0.0565175092110124,-0.0619211782706593
xxx,0.0026818547982754,1.0,0,-0.1210065726564221,0.4203213137322098,-0.2392978158957814,-0.2589634014022764,0.6305410857578295,0.1616353126915639,-0.1772643239571351,-0.0678290868450185,0.4739519531875323
xxx,0.0091001655092692,1.0,2,0.1351812519190558,0.3659379047230255,-0.2149270388083139,-0.1711879454907978,-0.2691750615196586,-0.1056208096560627,-0.1533811847983716,-0.2641583053835659,0.771621777164476
xxx,0.002651635473931,1.0,0,0.1045347490463181,0.557880669966971,-0.1740554684853217,-0.2645269232935738,0.6615522095396823,0.2363341008313691,-0.1690269516116681,0.2347383600874047,-0.0198621205301229
xxx,0.0095940323849916,1.0,4,-0.1702270863842468,-0.635159617877593,-0.2190945626144109,-0.3670511820536503,-0.4181819998430348,0.1672917421772464,-0.2389427314018959,0.3487406838076077,-0.0573549983761099
xxx,-0.0011932830108789,1.0,1,-0.265228814986384,-0.501521507663151,-0.1742521124999504,-0.0261187304547954,-0.3429978934075189,0.1410133967786082,0.0855268866880826,-0.7075676182909273,-0.0398089249722223
xxx,0.0078207170841662,1.0,1,-0.2347864500343373,-0.3884089284587841,-0.1441611619171449,0.3204614031471062,-0.2752860872814565,0.1592014393728721,0.5278871347157883,-0.5384166606056238,-0.0291722487336154
xxx,0.0004703680217866,1.0,-1,0.6082522072869992,-0.2699979695709871,-0.2289401478984109,-0.3190333998627784,-0.1170304277470139,0.2482141464108951,-0.239063109992397,-0.5122398761174045,-0.0899288745016819
xxx,0.0416066778276484,1.0,1,-0.2219200612119409,-0.2869412993037342,-0.1590495575249722,0.0797002790474593,-0.1710887294934581,0.1735923899391777,0.7506069167747085,-0.4617500350335064,0.0271619474353692
xxx,0.0011789304772463,1.0,-1,-0.04403859516166,-0.3558218617633134,-0.2432310291792177,-0.3920810388653554,-0.127624631058916,0.238795528863811,-0.3794166348752163,-0.6638172768481319,0.0253144092126118
xxx,3.6066737585323984e-05,1.0,-1,0.0296117235544287,0.1661668441439556,0.1557307107580434,0.2321615027619186,0.1105741295140737,0.9002204423435681,-0.1171891957204559,0.2382627708049982,0.015322193745326
xxx,0.0073673057371402,2.0,0,-0.1118953419192178,-0.1306929595744852,-0.2583455827680282,-0.2761157875881789,-0.08649330781372,-0.8659819767625594,-0.169189472098431,-0.2031532381450769,-0.0106874913485543
xxx,-0.0112980605285064,2.0,-1,-0.0426429859336887,0.3771370601614524,-0.1111552027974892,-0.5618078928858496,0.2125626978978985,-0.2830724290448709,0.2277456681237495,0.5693109742448469,0.1633084523773974
xxx,-0.0022401634560316,2.0,0,0.0202420021470941,0.4907354906543959,0.2308573178912344,0.0903714525867742,0.4127192380109205,-0.2456024815808291,0.2338765499603494,0.6325008693062989,0.1090573253712578
xxx,0.0016158873588934,2.0,-1,0.0414588421971517,0.3955237044970461,0.0583294438838239,-0.3405088362067084,-0.5366724803594438,0.2491631670546939,-0.231633407746578,0.4964488074594378,-0.2688465789663107
xxx,0.00159550583334,2.0,-1,0.0749815741804782,-0.499696426478396,-0.1636611239040594,-0.3147188035009813,-0.4631964923174753,0.2285946007088467,-0.2205300094676493,0.4556130288411839,-0.3095563875119052
xxx,0.0020817558029337,2.0,2,-0.000943989526864,0.198645929345628,-0.0355061778870877,-0.0987653630466821,-0.1307525323378975,0.0600432016140264,-0.0662003683925244,0.1253118192376428,0.9532768047338106
xxx,0.3004851436273397,2.0,-1,0.0156066615555009,-0.170030292518674,-0.5411062898649757,-0.3463676294617324,-0.2798112216957836,-0.1029126644255268,0.1138868551183225,-0.1277742081534625,-0.6632479021803933
xxx,0.0846838132404033,2.0,-1,-0.0110480840207085,0.1695265780245045,0.5411227587049571,0.3462018906225933,0.2791060403993648,0.1033990901243265,-0.1096266616673467,0.1229314083104156,0.665392666325826
xxx,0.0016342207335295,2.0,-1,-0.0517676420216902,0.2976213021537433,0.263939018474043,0.5440797929825502,0.3841551430629403,0.1574124156507188,0.5387306085916085,0.2380430778853814,-0.1542920186967406
xxx,0.0021092660532748,2.0,1,0.1172285183977311,-0.502322787726391,-0.1810557081509024,0.6736769345338762,-0.4183500564350695,0.1981289906313814,-0.1451287899530647,0.0982426225495801,-0.0481836551288892
xxx,-0.0056052283357826,2.0,1,0.1803147596547119,-0.3085936540954574,-0.1475594793249349,0.6008336886234925,-0.2801342080776201,0.1756845456074005,-0.1752485270311936,-0.5442620604577512,0.2306689229138704
xxx,0.0089764253161355,2.0,2,0.0647022528780005,-0.1146614700840529,-0.061192335329144,0.2695007501085517,-0.1072453334413923,0.0759224494808342,-0.0749290447957287,-0.199323613874521,0.9185211836732152
xxx,0.0001970286166642,3.0,1,-0.147212521773599,-0.338786668123347,0.1120220043013688,0.5928478948986405,-0.2983341930299203,0.1487583359708419,0.3209571077710225,-0.4925075521268922,-0.206942078415925
xxx,0.0004155701101224,3.0,1,-0.0289783857691046,-0.4569644931957731,0.0745386925837966,0.5844138608875898,-0.3689056270799978,0.1426069206671104,-0.2112299175264154,-0.4638119577704477,-0.1645613012964862
xxx,0.0006994332639027,3.0,-1,-0.003162083579174,0.1888210054590104,0.2385760459752219,0.5332234350954236,0.139016825137567,0.1249891147189528,0.6759830139930908,0.3453187898576942,-0.1092923115833402
xxx,0.002407286944606,3.0,1,-0.274508500619181,-0.4487977190061064,-0.1509007181681194,-0.2409479683765305,-0.2776442752028286,0.1156380416856987,0.738261651883316,0.0049658241229124,-0.0829777922445762
xxx,0.0096392944261949,3.0,-1,-0.4988310762511543,-0.4172260341752852,-0.1473588672086903,-0.2293203775936598,-0.2386073202068646,0.1562631586176628,-0.2216919836182867,-0.6087744115667056,-0.0410155418260186
xxx,0.0076152989507986,3.0,13,-0.398774559837603,-0.5026646697223408,-0.2230697475403135,0.4140778921159995,-0.4040158087808825,0.1460721672129326,-0.0997829660430218,0.4145237852657248,-0.0270925559851171
xxx,0.0012854662321304,3.0,8,-0.2498196703839101,0.2811019949663633,0.7595542116755551,-0.0353845426196507,0.4663811613276555,0.1037357208581232,-0.189889373569163,0.118889661890561,-0.0439536239973504
xxx,0.0026021803604028,3.0,-1,-0.5106032928417008,0.4850265015857403,-0.0504734188909585,0.5488565426931556,-0.2561861024792164,0.17179989105848,-0.1007234256517664,0.3032400852015001,0.0547377402515606
xxx,0.0030955214214188,3.0,8,-0.23979570126066,0.2465235987676821,0.7595201335026456,0.1178877184806919,0.469012147422391,0.0963479161871941,-0.226675226992589,0.0914195971296732,-0.0442862607160352
xxx,0.0022092753777885,3.0,4,-0.4119240376308226,-0.529593212373882,-0.1787185080549434,-0.2935701419459793,-0.4604490389053651,0.1585704407173504,-0.2162098073660807,0.3802200742045517,0.057043803680189
xxx,0.0026449598881992,3.0,0,-0.4961037296780132,0.4215179583517291,0.0310851498038589,-0.0832664577237314,0.6647671414654964,0.1655050869026545,-0.2618465045329881,0.174331832855692,-0.0064532643318392
xxx,0.0164491120656156,3.0,-1,-0.1946300809164972,0.4792266924970118,-0.1151070677167812,0.1131628074279835,-0.3150557360764369,0.1187531651888806,0.7490885860819813,0.178529175752256,0.0060533715687283
xxx,-0.0058463198055292,3.0,4,-0.2489045114880915,-0.6066248172025677,-0.1755843311472281,-0.3091777636490149,-0.3852068335702396,0.1377943132455441,0.1442852814064212,0.5052709546329357,0.0119821123834826
xxx,0.0038101295309657,3.0,4,-0.2172789429823609,-0.4963169324777501,-0.2688384955147018,-0.2071902128705073,-0.3435953685313781,0.1038133702032324,0.5803681078826454,0.3543814468020264,-0.0030164380424441
xxx,-0.0090715549915958,3.0,-1,0.0165975170678602,-0.3081869052295716,-0.7339551979902789,0.2114077689679999,-0.4198151358119338,-0.1546403586893516,0.1664762540319157,-0.2897971255588571,0.0975026692156993
xxx,-0.0008664272696567,3.0,-1,-0.0796216044657456,-0.0133783148096434,0.076826155925401,0.1557839564151635,0.0030149540301921,-0.0854110527326575,0.0920892320660806,0.0606994125692758,-0.9715150736139084
xxx,0.0001802535767595,3.0,6,0.8916537060384281,-0.1339451419402736,-0.0273189054318316,-0.213354195415224,0.015314294192177,0.1332117752932256,-0.1296098852425755,-0.3254898574402151,0.0048742005336351
slasto,0.0016527281654394,1.0,1,-0.0796423725584032,-0.0889956605033459,0.1737125440514165,0.4640152176262069,-0.2811300134510494,0.3478961535657302,0.6424706423375122,-0.1557350763218407,-0.3211898758740183
slasto,-0.0014815184019978,1.0,-1,0.1245163890016404,0.0101970644268444,-0.2038766883454353,-0.5174461603711855,0.4219301220728908,-0.4361054300525259,0.2346516190358244,0.2774288410593682,-0.4181319619594524
slasto,-0.0014221346968022,1.0,-1,0.4594715354040681,-0.291959542686155,0.0901275970102875,-0.3386064012017739,-0.2439023056792165,0.3476104453159449,0.3919751167966449,0.4490663654880309,0.2127012122708604
slasto,2.463181745813215e-05,1.0,-1,0.2688861934830785,-0.1819098636374089,-0.1982504429506762,-0.2359435147733826,0.543006504907041,-0.5321897297741027,0.3036743815239153,0.3095922801452428,0.1829998726884436
slasto,0.0012521979021256,1.0,9,0.5314369985406874,0.2010406175716426,-0.5315572930055206,-0.4124833157069386,0.2077814500671647,0.1774861621159224,-0.2576890747121363,-0.1812809307729792,0.2247684171808015
slasto,0.0045837105021375,2.0,3,0.1756202143362879,0.1526223005643574,-0.5236353795794243,-0.4093753564709843,0.1762646626492191,0.1738672284019023,0.6404710632517208,-0.1744362394945266,0.0463848200503424
slasto,0.0222501684735169,2.0,2,-0.0240095566161689,-0.002308312468872,-0.1155801532168272,0.1161916046803799,-0.0050478374530684,-0.0451498361541559,0.0691878011917437,0.0314866563254064,0.9821998790168994
slasto,0.0270863490553004,2.0,8,0.095613955280301,-0.0245363353029239,0.5357856852256577,-0.5335265805301987,0.0315723674411262,0.2074904434195142,-0.4027678040405233,-0.3906683558586106,-0.2442258390167285
slasto,0.0002014167025388,2.0,-1,0.1040080311087203,-0.2254103743870628,0.1816164991134529,0.079365553859533,-0.1919682457673174,0.1736843919091774,0.7227079385500068,0.530358303290976,0.1687728621703987
slasto,-0.0002594760018568,2.0,-1,0.0243553045294947,0.1798583257480049,0.3654471668722518,-0.5856689326466138,0.3644208046346558,-0.292944009990452,0.2295364487198539,0.407825804250121,-0.229935833690586
slasto,7.908781782327036e-05,2.0,-1,-0.6773792486845689,-0.1304169878835063,-0.0396502448632225,0.4976270611586372,-0.1460889812379796,0.1344368841922765,-0.3026659919662449,-0.3440090257419284,-0.1599367063951452
slasto,0.0006284313304376,2.0,7,-0.0443374824939493,0.5641438444256028,0.4842168417586286,0.3348588371597511,-0.1682248611416421,-0.0403349616508458,0.053843995346133,0.5480454368418834,0.0001733798534073
slasto,0.0112628370329179,2.0,2,-0.2294211230405809,-0.1546935622869099,-0.3157245422378365,0.6960181837633035,0.1074689059953967,0.0503257623396506,-0.3634091864464404,-0.4039388767070433,-0.1731977204509322
slasto,-9.182883398265056e-05,2.0,1,-0.0868914907545566,0.0328411786469566,0.543893393545875,0.5909209378186975,0.0005053496538994,0.0397606818824198,-0.3400344000923719,-0.4000802404732541,-0.2628592556080312
slasto,-0.0010146882388946,2.0,-1,0.1091812851399576,-0.745170497728787,-0.2617580587256438,-0.2376140494645248,0.1655929305920832,-0.043122737699221,0.1828425317221358,0.3283376819735557,0.3705469531651743
slasto,0.0016012208296378,2.0,-1,-0.6964419270813956,-0.0767595064008708,0.3709019876714648,0.2838343312620488,0.111174219456443,0.0846770710602155,-0.2142167117374507,-0.2511382089896933,-0.4030599152500613
slasto,-0.0007113488167448,2.0,2,0.1665439543837333,0.0569222256634325,-0.1128666656509114,0.0209286756651114,0.0371114833373935,0.0584330318643468,0.0268875030987144,-0.0957771782044733,0.97013307886467
minestra,0.000189388836292,1.0,-1,0.5984183210888905,-0.0795807212518772,0.0974038727287024,0.0132485270882171,0.1083380030834352,-0.0836497565226364,0.0109259142671786,0.0909394677657268,0.7738059296872433
minestra,0.0001079849556394,1.0,-1,0.1384124488242012,0.4651562404400412,-0.3428862998940782,-0.1939162250166629,0.101704701664975,0.7628088783067268,-0.1076722910528699,0.0652741051387135,-0.0349554971906824
minestra,0.0022142543209618,1.0,1,-0.0642581047931573,-0.5978840906590233,0.2861571669429832,-0.1674511363577469,-0.6807825509565615,-0.062390245334032,-0.046872783096062,-0.1568727106360423,-0.1852462504550487
minestra,0.0030746558226414,1.0,0,0.2301913548261825,0.3580581755082681,-0.7890652655198167,-0.1687003358369889,0.2896593179836595,-0.2765583589826036,0.0157214532001639,-0.0502571340979587,-0.0675462546499124
minestra,0.0016875218311436,1.0,5,-0.0330288497550576,0.342020815375206,0.1096115790476507,0.0552561739318356,0.5398049441933118,-0.2266539867082456,0.0014754999547456,-0.0084856184437135,0.7238973156658729
minestra,-0.0004853447291792,2.0,-1,-0.304856157283849,-0.167390511394624,-0.0306904188856734,-0.0442384773553138,-0.4075128444758235,0.3265634667560039,-0.0181480788580849,-0.0281938495178001,-0.7760860346776818
minestra,0.0013857371713901,2.0,-1,-0.289161168857049,0.1709036063425327,0.1522594957041563,-0.3262838822670062,-0.0225167010419523,0.8432324342631881,-0.0511845656089208,-0.1272001150254797,-0.164881717806203
minestra,6.803035892638975e-05,2.0,1,-0.5025206748022639,-0.4889643050811193,0.1172040147329578,0.4478760927801142,-0.4950408837209452,-0.0867692327288709,-0.0241184775801541,-0.174614604412662,-0.1019351110303175
minestra,0.0004826741946061,3.0,-1,0.5229406878742304,0.4669030998740661,0.1680140884662664,0.2182162331349234,0.6088660346732053,-0.1259438472011619,0.0207746144104244,0.0628089205338217,-0.20428222643647
minestra,-0.0002210288133054,3.0,-1,0.360062972716447,0.4266986239087756,0.0502713742536989,-0.4083723498725295,0.4592588387286484,0.4314889075407787,0.2181558867328236,-0.1163387528277774,-0.2464948239139222
minestra,0.002256138967439,3.0,0,0.1972806794710566,0.4574706284920523,-0.754319560855343,-0.0658004832094736,0.406873559884989,-0.0515465149240069,0.0604135336955059,0.0587180965375979,-0.056325014390193
minestra,0.0027732924383341,3.0,5,-0.0419095949316901,0.4456739868944723,0.0801911034414497,0.1224972846937973,0.561876002402097,0.0158577573025998,-0.0173314384640152,0.1191355332497063,0.6691280302347107
minestra,0.0091741079655967,3.0,1,-0.0827889517461061,-0.4914876936325465,-0.096773026883518,0.629087184799853,-0.5719635734739151,0.1286418563610965,-0.0191855267470221,-0.0115216357570538,0.0477309391147926
minestra,-0.0021683040041405,3.0,-1,-0.074255776379616,-0.550589333209203,-0.1330203402311639,-0.5817083283629516,-0.5548392288787363,0.0342325000077514,0.0505056330596713,-0.0936735185007082,0.1221249140424615
minestra,0.0027774323254272,3.0,1,-0.4696526757099337,-0.4076207233493061,0.0434038637975933,0.6732623311342245,-0.3508241371096536,0.0613234448022802,0.0471026379388817,-0.1354352574160276,-0.1034704820929127
minestra,0.0072127312543081,3.0,-1,0.2228676760758575,0.5329105017882074,0.1862696958037404,0.4078445202945771,0.6265124189985947,-0.1515107466355503,-0.0480273795884344,0.0634757323561908,-0.2085515006933224
minestra,0.0005914213642991,3.0,1,-0.546774209938112,-0.4821089224467575,0.0615626171005711,0.473623660954397,-0.4455853316320109,-0.0353569697008898,0.0221647410297134,-0.1593199343363748,-0.1217747999783343
minestra,0.0019395189316331,3.0,8,-0.1386336952507825,-0.2637315069624337,0.8976924055579605,0.1795242241582095,0.1898969487457421,0.0283561225426266,-0.0365182482667836,0.1835766097484129,-0.0353116664659377
minestra,0.0161611585020487,3.0,1,0.1481975046768196,0.0774866429719525,-0.1807875701865672,-0.0676991453517565,-0.0720930426682077,-0.0167543243791904,0.9625516033446878,-0.0513511847875913,0.0120562218832539
minestra,0.0249385899624708,3.0,9,0.0628836441382742,0.1815553599898046,-0.8411149896265312,-0.16770051398542,-0.1271766388762286,-0.0473120124161706,-0.4294444401400799,-0.1553061123221804,0.0230341204926841
minestra,0.0058907675296434,3.0,1,0.1308409986579261,0.0758229377775595,0.0344047621951554,-0.0612882831053779,-0.0633978558368604,-0.0194447276230653,0.975632762460814,-0.1256932513886631,0.0116665196458529
minestra,0.0007021400121596,3.0,4,-0.1961924461397899,-0.3473257705238266,0.0956220288241338,-0.0619872485768886,-0.3102313191903486,-0.0409611850082065,0.3549561214461615,0.7771561508679422,-0.0007216351578491
dan,-0.0007637578776921,1.0,-1,0.5975636458758796,-0.0537045783662476,0.1917188964170417,-0.249533248995445,-0.2302324982279557,-0.0103211497525198,-0.3433070494114207,0.0910355716409557,0.6014563948786044
dan,0.0015760491769851,1.0,0,0.4494498434468827,-0.1158748559103661,0.1286552633657964,-0.0071012199486536,-0.1827229347861421,-0.7167613840222331,-0.2468912785812929,-0.0667209495944903,0.3942381397077391
dan,0.0011641458026111,1.0,-1,0.1173567238349172,-0.1567021945218856,-0.0596590707096789,0.2304806807709152,-0.02760354503212,0.0843094895873249,-0.7195177345110466,-0.1516456033007565,0.5970084318223817
dan,8.427858074068538e-05,1.0,6,0.546631806882807,-0.3701994038752764,0.1543061291161159,-0.1249569496767649,-0.2865870150657612,0.1911180645946533,-0.2095523865737406,-0.4454682280249689,0.4046097769480378
dan,0.0002034915332588,1.0,-1,-0.5149356911999152,-0.2026265984219882,0.1205677742373151,0.4734350725417838,-0.0190273142482234,0.0751676847232779,-0.5337708864701961,-0.3254894169270972,0.2413284072676387
dan,0.0147719902198061,1.0,0,-0.07893532399448,0.1964558180236739,-0.8912959120442374,-0.1343545150619462,0.1343001406320477,-0.0839869643499869,0.1022578129932915,0.2708439906560221,-0.1838785525804232
dan,0.012998383358339,2.0,0,-0.1039031030873361,0.1974518561835991,-0.8374972180258446,-0.1393267520233329,0.1245648174810677,-0.2841294266591619,0.0775262038946608,0.2856326955667137,-0.2134504666504497
dan,-0.0023553242366302,2.0,-1,-0.3416690113576117,0.3778695418708384,0.2361344563801828,-0.0102783445703978,0.4250966649971443,0.1359975418889708,0.1278428043024519,0.5901198272211224,-0.3475975705672049
dan,0.0005354445975403,2.0,2,-0.4924561688690009,0.1842712459938027,-0.4272232634462505,0.5695520643665369,0.1198307580462707,-0.0574108563220684,-0.3035196304772159,0.32629164126121,-0.019389186403085
dan,0.0010172183719809,2.0,-1,-0.1717405867387665,0.34530378986704,0.1745674540965229,-0.2305968752151339,0.4259991439136473,-0.0114210023058758,0.4585913417797674,0.3149483150611836,-0.5258493879974386
dan,0.2750384266908177,2.0,-1,-0.07051100535283,0.2634951759300026,-0.4443966693959715,0.5945049745786809,0.1316831500459727,-0.4027240773174354,0.2234741817053697,0.1867164813920352,-0.3321792242859316
dan,0.0024411062983954,2.0,-1,-0.0409564792176181,0.414936840128945,0.1710542959530184,0.3494140095458771,0.2464147236075404,0.3414347351029686,0.3096886752208785,0.3060626173838345,-0.5549062692182095
dan,0.0028578882346322,2.0,-1,0.2851843687402796,0.4140719853179605,0.1748197062582675,-0.2670065865532738,0.2657340207838006,0.1825467016742074,0.3567545951688825,0.3088144473896689,-0.5646076050295785
dan,-0.0006475861307043,2.0,0,0.0365929131190873,0.2396567825720679,-0.8200537051229603,-0.137135506611515,0.2523767983278113,0.1052911065217515,0.1918172030166647,0.3030044249077968,-0.2157442293169361
dan,0.0070702260275368,2.0,-1,0.0679362868937982,-0.735273670264338,-0.5347073049737823,-0.0832189367623866,0.1441230639508205,0.0944726475195014,0.1824403381937514,0.3145371730466794,0.0023126587606546
dan,0.0028977613216618,2.0,0,0.092404571525551,0.4294921686691961,0.0946572424305001,-0.1060712761309891,0.2195137412126945,-0.5919198093771567,0.3925497127027419,0.4599155591215906,-0.1503789256145684
dan,-0.0007304621082809,2.0,7,-0.1751659972644338,0.3231148500228351,0.0683809824101619,-0.0872817049151872,-0.7784648892193868,0.1294475155128132,0.2080038329238673,0.3879361799224787,-0.1899876182942932
dan,0.1469776261992467,3.0,7,-0.2433040990260021,0.3958982079931462,0.0837105775985214,-0.1304373790977525,-0.6259222430381105,0.1453520754051696,0.2576471009056608,0.4850403985539181,-0.2132938270281329
dan,-0.0117351981873069,3.0,7,-0.2958884711880007,0.4807919950377807,0.0997093548061098,-0.1576309322620763,-0.0999447793656202,0.1985708867226769,0.3239591605283358,0.6174205054028765,-0.333050491255479
dan,0.0484723361162377,3.0,7,-0.2076986109035936,0.3765891907310249,0.0772442847222086,-0.1203359016934498,-0.6374963847130016,0.1531219817997416,0.2453843274813084,0.4877893229127444,-0.2580592686595306
dan,0.0064570836217343,3.0,7,-0.2297404279702774,0.488337481114134,0.1035298486350828,-0.1270490818226434,0.1894194714035083,0.0332574827258328,0.3851773582351672,0.6377155164637567,-0.2997623525479035
dan,0.0008744074846053,3.0,7,-0.0779968956197326,0.3259711951212157,0.0818939097643206,0.2858255620287379,-0.6497775648319598,0.0293514847946749,0.3168703151356382,0.4676852897899391,-0.2388465606634063
dan,0.0003490137328401,3.0,-1,0.1176003227499648,-0.3741253760010076,-0.1054486080268851,0.0891226931564293,-0.1443823660481033,0.3861565019829265,-0.4343509537498122,-0.4047142759420929,0.5520150323378015
pabluccio,0.0006666204625905,1.0,3,0.2363941131540371,0.0514471897618679,-0.188119137469837,-0.3942138557023134,-0.2335259960282205,0.3646416171606221,0.7477397622392988,0.0357838545937695,0.0527683612772449
pabluccio,-0.0095717987215942,1.0,-1,0.2604416913888706,0.0735323678716486,0.3312830436501077,0.5047383416532951,0.4469276786399579,0.0634933260112251,0.5935584221151525,0.0552384880998435,0.0558141944566056
pabluccio,-0.0009147288345076,1.0,-1,0.054880079670822,-0.3161129685601768,0.3359958894313887,-0.527028096936405,-0.557994774106733,-0.1619358461572158,-0.3765972832571091,-0.1643209687793662,0.0007965864021187
pabluccio,6.269484421968189e-05,1.0,1,0.3141015572639342,-0.4437156243131903,0.4766756505753889,-0.2247209143947798,-0.4384744120581231,0.2099315969283121,0.399142715679038,-0.1761297287484912,-0.0083556567419242
pabluccio,0.0012368996777502,1.0,-1,-0.3894430062316862,-0.2392745643992042,-0.3064901799624712,0.531411754765514,0.224507228621947,0.1057769676886123,0.5735561259206966,-0.1546084805741561,0.016866231615131
pabluccio,3.733195711586346e-05,1.0,1,-0.2941444077677826,-0.5670690553646219,0.175263515826801,0.4575812866234739,-0.143516487555016,0.1038222923891981,0.5116950217807231,-0.2420648555953644,0.0032526531008199
pabluccio,0.0017750372116862,2.0,-1,-0.0799875388966908,0.1223262569969454,0.7247141138249467,-0.3548970333947635,-0.3445539057275622,0.43549990015098,-0.1202265619831237,0.0387570384532275,-0.0560512101680933
pabluccio,0.0069683410925001,2.0,-1,-0.0852500355530091,0.0622692105455052,0.6091100704698272,-0.3094121383575823,-0.3126421626587932,0.1859982733026137,0.6220167228340234,0.0178520747874073,-0.0503988883068415
pabluccio,0.0061833591658638,2.0,-1,-0.0553567358749623,0.0236704076406719,0.333187761008209,-0.3160595583043384,-0.1990774253433867,-0.7864032278885126,0.3556519896604767,0.0065319667948901,-0.0295762178060141
pabluccio,0.0208212915924001,2.0,1,0.0233354298050489,-0.0190599077908524,0.5488519062504583,0.6917360229540006,-0.2737503209354537,0.2138361856553464,-0.3076327815591962,-0.0371668577578543,-0.0516776651030687
pabluccio,-0.0010111186353526,2.0,1,0.1093418383586411,-0.5506008128930725,0.4114760239476501,-0.21926487134537,-0.5727052565838812,-0.1596176133176205,0.2304542224648892,-0.2424831542343565,0.0460128568620694
pabluccio,4.7437510618550657e-05,2.0,1,-0.027474922704206,-0.4492613682356987,0.5805585358358636,-0.2378883887828591,-0.5313855722048082,0.1899063066991272,0.2175732401644223,-0.194746862212157,-0.0084122372254879
pabluccio,0.0008026111408144,2.0,2,-0.3987688895066229,-0.4418824010017059,-0.4862505525788563,-0.0269568464198885,0.0027166614864434,0.1830916799937047,-0.5281558968984246,-0.3097308647802018,-0.0120516154872663
pabluccio,0.0048552634418286,2.0,2,-0.4049544440753743,-0.3539683704273032,-0.4297887186939577,0.4439060466221646,-0.127908069933397,0.1480885640977495,-0.4747714565371836,-0.2552407380852756,0.0100450248857439
pabluccio,-0.0004039537909403,2.0,2,-0.5386351087507517,-0.3212841547908578,-0.4547890301595316,0.0099720880408149,-0.0910888694160812,0.1699760041903892,-0.5107992192378099,-0.3169228268151304,0.0342237102834971
pabluccio,0.0083096070721448,2.0,1,-0.5299824866654724,-0.1797075665035271,-0.3741167209648652,0.6901329977376546,-0.0623795751961962,0.1614736178575256,-0.0200178260707887,-0.1872146344221936,0.0718464023407376
pabluccio,-0.0029546742934044,2.0,-1,-0.4062366720569325,-0.4032828674153864,-0.0154273185143583,-0.3278036097123524,-0.6330599145221274,0.2954155608130844,-0.0890204475762636,-0.2615946978160068,0.0158066907018006
pabluccio,0.0005537989445293,2.0,-1,-0.3943352323056713,-0.4970610956896177,0.1060705727176351,-0.303707258318443,-0.3237101256276723,0.2554737106439475,-0.4446520713123684,-0.35490559989704,-0.0145744618284347
pabluccio,-0.002498738512157,2.0,2,-0.5249755513578881,-0.1244056631564981,-0.4184940636714139,0.4112884828200074,0.3054386594449377,0.1132713895903923,-0.4755230715645035,-0.1715265154338208,0.0544213611756333
pabluccio,0.0007887486034629,2.0,2,-0.4871411588719641,-0.052422344370291,-0.3460649276008854,0.6470629269512955,0.2513685890644561,0.0744225867659549,-0.3531972483806941,-0.1576803719065715,0.0561937599377207
pabluccio,0.0019226588546564,2.0,-1,-0.3390983541078907,-0.3657129733062054,0.1781494814874923,-0.2448669513442997,-0.443954567780412,-0.5315310700612595,-0.332808397254389,-0.2630211910572179,-0.0025986265963519
pabluccio,0.0005727087187819,2.0,1,-0.2511026063324356,-0.4789505862182335,0.3904071407185271,0.06023386538384,-0.5167615202046825,-0.3826766291387479,-0.269380333428012,-0.2556129395727716,-0.0109705434279285
pabluccio,-0.0001671231523874,2.0,0,-0.4421816355215557,0.0166250864487671,-0.5178020353718151,-0.0933014709415343,0.3644400737596879,0.1400003689095206,-0.5628780538585945,-0.2362985672996879,0.0478488068055239
pabluccio,0.0091613171194761,2.0,2,-0.3900135315890953,0.1216630734416469,-0.3568621854733724,0.6528171361778723,0.3331887592146271,0.1417648833287407,-0.3805605231544497,-0.047159235053729,0.0374749567469993
pabluccio,0.0031549162946641,2.0,-1,-0.1035838952625965,-0.3032562274150987,0.5012433018597229,-0.2186963193939771,-0.4812295297627868,-0.4680412061392622,-0.3464339642205695,-0.1601885629260136,-0.0437242630880259
pabluccio,0.0005624457259328,2.0,-1,-0.3788521199332791,-0.1633946818830387,0.6207854605541712,0.0658898045376475,0.5444101081851684,0.0775461668995975,-0.3623802299461826,-0.0473818219358485,-0.0640074431306379
pabluccio,0.016366591115213,2.0,0,0.1580112017193982,0.4173631395677383,-0.3239058628289676,-0.4347932397036919,0.1545464935891751,0.334332434890613,-0.5862283628228767,-0.0900865654989061,-0.1394210250728645
pabluccio,-0.0028248144513327,2.0,-1,0.1593250720387538,-0.2322210315627713,-0.5788568911967868,0.2936938685043553,0.1285705623944744,-0.416325763067196,0.5393646041406818,0.0844127379477857,0.1070528280855575
pabluccio,0.0,2.0,-1,-0.318182879390082,0.2425720109909119,-0.476520162666786,-0.3415574394139775,-0.2254483595298998,0.440191895093433,-0.4962971097922,-0.0236071165113777,-0.0687134662282792
pabluccio,0.0470676292071538,3.0,-1,-0.3593222386561168,0.2673514132351113,-0.1355092098430856,-0.3867944683123818,-0.2924667107767278,0.4900633765035425,-0.5476944041651831,-0.0010244117373873,-0.0759535667570392
pabluccio,-0.1672708557670607,3.0,-1,-0.2914995349428884,0.2156903694640982,0.624760032340453,-0.3221604355049375,-0.2552185836672293,-0.3430932336925638,-0.4330153275596416,0.0147990729039197,-0.0618260666597788
pabluccio,0.0068460435388642,3.0,-1,-0.1658804991338598,0.1496773508114045,0.4923024841629335,-0.1542657601213788,-0.1568553226951225,-0.7345635134409682,-0.3404994483690144,-0.0139942457165755,-0.059981907380894
pabluccio,0.0018533199993463,3.0,8,-0.0976704305089594,0.1299185342684622,0.7093609125344733,-0.3363563705186826,0.3177904512676993,0.1533139587705868,-0.4643253272479883,-0.0775719474329058,-0.1055546863676137
pabluccio,0.1020250174742204,3.0,2,-0.2458638667298398,0.2342363725070679,-0.4418489605352192,0.4447745899910099,0.5187953941824603,0.089292043381278,-0.4598550058452967,0.0056985113880043,-0.0548499000409419
pabluccio,0.0447740643514151,3.0,0,-0.2473357088049273,0.2007423887821405,-0.4961440134741365,-0.4386666847353852,0.2458943077146426,0.2393068823509505,-0.57968218157857,-0.0233170916173896,-0.0750552142416993
pabluccio,-0.011203109820096,3.0,-1,-0.0421196981897911,-0.0561689720333716,-0.7142008543277649,0.2883503195960641,-0.3658199185083011,-0.1071892936281065,0.4609912242300434,0.1987474467919681,0.0671937244249896
pabluccio,0.0097756840227015,3.0,2,-0.2535977658328824,0.1993282388433627,-0.5133337504757689,0.5847453399044981,0.4979761878489966,-0.0204856493455218,-0.2030737827751509,0.0284833382311039,-0.0082199236921092
pabluccio,5.38020503707408e-05,3.0,-1,0.86404456982893,0.1492571483215244,0.07250499882538,-0.0548754283409348,0.3212662494980462,-0.0113713431839227,-0.3141318596508537,0.0480649364912667,-0.136200674204776
pabluccio,0.0002067250503191,3.0,0,-0.2028768077262951,0.6806092340291815,-0.2506219295451045,-0.0706147165572507,0.5550755056842364,0.0562505782611475,-0.2547452144469216,0.1910942254739428,-0.1230008529206516
pabluccio,0.0082794798292719,3.0,2,-0.0018442335612389,0.0521949765898025,-0.0688922363373205,-0.0758132404348264,-0.0817843353151037,-0.1703446802607927,-0.0634962352559047,0.0537079715420769,0.9716769987365416
pabluccio,0.0005257005838689,3.0,0,-0.0050434502189062,0.4900487261266203,-0.3504984994007555,0.0284046641652184,0.0721267335176048,-0.5738386567074779,-0.3352394742109008,0.295405379106479,-0.3194180237698548
pabluccio,-0.0017507912068971,3.0,0,-0.3089789979899569,0.6226114070992327,-0.4385899677128466,-0.2025185453495661,0.1395942501003859,0.2464244751446714,-0.4299444105953685,-0.0850924001298555,0.1058659727613308
pabluccio,0.000521225823615,3.0,2,-0.0897107544886966,0.0884881206439629,-0.1098410737554062,-0.0633947759811442,-0.0811218190109389,-0.0865250314790351,-0.0658113496211858,0.0359761773595592,0.9738301311112054
pabluccio,0.0003401420762259,3.0,0,-0.303177526008677,0.2708637511637624,-0.3094142957855631,-0.0802366958773105,-0.2110235726936387,-0.7449167443193855,-0.2657438497410401,0.157690481147329,-0.1939667407251133
pabluccio,0.0017537400236558,3.0,0,0.2075385835061245,0.4782310550312465,-0.2640885748627189,0.3080203918583726,0.5270219071568502,0.064919701284079,-0.3181683839952777,0.3204362694754289,-0.2787943248683719
pabluccio,-0.0044694244318913,3.0,-1,0.7651874516469687,0.0738391917193811,0.5277849974674717,-0.1221115033985051,0.1932638077302736,0.1226170145255177,-0.2011237602134481,-0.1236510909724684,-0.0862642680582818
pabluccio,-8.324521819495496e-05,3.0,-1,0.3634832645196588,0.0103262580151278,-0.0069064926635465,-0.0436858641728558,0.2762660238106516,-0.0685430107123007,-0.0949528667135403,0.7386260238916902,0.4798037308559352
SADAX,0.0011263114261197,1.0,-1,0.1862960512910923,0.2059033027308556,-0.1907593310838308,0.8395739536207274,-0.097225516822629,0.3310929104772551,-0.1111670971035812,0.0949268405380926,0.2029273766185187
SADAX,0.0038074258449868,1.0,0,0.0466339772281874,-0.0452360126454994,0.0950784890895888,0.0220420464734188,-0.0725008495438403,-0.972255432880466,-0.1875139138005888,0.0042960434266093,-0.0231577334690181
SADAX,0.0005387094039587,1.0,1,0.3311999851259816,-0.1672176842506378,0.3418710391027682,-0.0092322785608533,-0.3192280476673551,0.3544624190550416,0.712795251510099,0.0222115168687053,-0.0962455120250016
SADAX,0.068955901767743,1.0,0,-0.3169888048504699,0.1709982675523577,-0.4166264610096196,-0.2775130063859514,0.5167842580581897,-0.3151492918222764,0.398334724352694,0.2633147358858779,-0.1590483105668571
SADAX,0.0198532857704797,1.0,0,-0.2542353916303347,0.155263992976735,-0.6626813287124242,-0.1399657132716778,0.4705271843226444,-0.2241736035200277,-0.2634758655467847,0.2315717524215426,-0.2404701018106299
SADAX,0.0018492578572201,1.0,8,-0.4858775782920431,-0.3547315203044673,0.4932874784095673,-0.1465068775891617,-0.1680874925313241,-0.0438574290138993,-0.2940008841538691,-0.464317460186776,0.2027008212519466
SADAX,-0.0003535962284998,1.0,-1,-0.6461470071255746,-0.3458492544416732,-0.0126107798653204,-0.2215044890035962,-0.3796748440502885,-0.0643352347445851,-0.1819476724069731,-0.1777371268031272,0.4479638563483069
SADAX,0.0029115161684918,1.0,-1,-0.3465523506652486,-0.2949744146375298,0.2388057596798359,-0.109517147890105,-0.2735776524468177,0.0337434616827223,-0.088857042691144,0.745248238672386,0.2908530591460848
SADAX,0.0002987502948024,1.0,-1,-0.5509589099961909,-0.4284901891494618,0.1143805026570255,-0.15916133218422,-0.3174635323473107,-0.2189171998320055,-0.1539397870258493,-0.400344190499985,0.376489634118084
SADAX,0.0011319224594303,1.0,9,0.6131711866726934,0.5124197011409265,-0.2959242475199771,-0.0703811617425713,0.224781692194761,0.1481553419083512,-0.1928255554209859,0.2274053322244556,0.3279493605560131
SADAX,0.0038603051826242,2.0,9,0.4905603498095481,0.4348869884188046,-0.5050581851941192,-0.0321065997758503,0.1557218396013368,0.0796438730008958,-0.0926631086485189,0.1271581267982448,0.5086857257358022
SADAX,0.012269210217374,2.0,-1,-0.3991745607482626,0.1305932086911031,0.2233949530131199,-0.1125006964806405,0.1563673038792808,0.1800980393216952,-0.2952100348455079,0.2166067563650716,-0.7550429677100191
SADAX,-0.0011061587014875,2.0,1,-0.1392515191979962,-0.3879024037735165,0.4441249891274829,0.0413890150754012,-0.5635863199925979,-0.0248237012552267,0.238032750703082,-0.1981624629442659,0.465840074121108
SADAX,0.0005998753794565,2.0,-1,-0.2644900170681526,-0.1664164013456526,0.6634952264507736,0.0175389045270204,-0.2200873554366069,0.4474760228123198,-0.2737603116445273,-0.0780458650926748,-0.3634666191477507
SADAX,0.0052001835879249,2.0,0,0.1077552077856049,0.3305826313345058,-0.3404397104613076,-0.1698170602391741,0.6702733080792931,-0.2006528674719981,-0.212727646048023,0.2514633480204726,-0.369258935042455
SADAX,0.0176145601184245,2.0,1,-0.2739626997369382,-0.6068808332296362,0.3089889301693784,-0.0958988584303054,-0.3678269280982038,0.2205808858038088,-0.1450142567534233,-0.41893959139412,-0.2673522980647874
SADAX,-0.0038649546122548,2.0,7,-0.1087721722965129,0.7888521307554254,0.2496779245662629,-0.0832614860491184,-0.4395518416469175,0.1876974435050035,-0.1094481298224975,0.115653579321712,-0.2069265423685946
SADAX,-0.0007411493054682,2.0,-1,-0.1187907141460793,-0.5767903329860073,-0.1753735837744414,0.0299013044132308,0.329876530652514,-0.1751689170702798,0.028052098406561,-0.6892117893267806,0.0790519472252492
SADAX,0.0151364540292265,2.0,8,-0.2301676840485263,-0.542311254326375,0.3245795455238903,-0.251623661278706,-0.2241826897065442,-0.1277453698824888,-0.2802108382452433,-0.3036985755053876,-0.4969177958559311
SADAX,0.0012636116854399,2.0,0,-0.2232118081136427,-0.2019397531332613,-0.3635289915156111,-0.1444216431319091,0.2778466950136946,-0.4574362671509072,-0.3230937336249328,-0.1410192832708633,-0.5879312568225322
SADAX,-0.0038432689487573,2.0,-1,0.0070278496728329,-0.5363291804519014,0.4457751281541687,0.1161551272543091,-0.3919545860212223,-0.2963363642669451,-0.201690799777339,-0.2413620364945885,-0.3996444562242549
SADAX,0.0036077512292626,2.0,1,-0.263423386017563,-0.4037298418193112,0.307247449897023,0.6542823831003506,-0.3047062463978022,-0.0649377465254241,0.0025663191617013,-0.1513988485438017,-0.3537412859249426
SADAX,0.0007283527838367,3.0,0,0.4165027857465554,0.4653260896272073,-0.2959022512613688,-0.0817797022308072,0.5432733367089954,0.1294681997279168,-0.10931972101839,0.4023832862417507,-0.1731472038733036
SADAX,0.0002063828131419,3.0,10,0.1096476976162762,0.259624657561356,-0.15730391200227,-0.0118068249264835,0.3963627764002113,0.0560622245054159,0.7661761955969745,0.2936548043615392,-0.2493651286593399
SADAX,0.0028728105796016,3.0,5,-0.3059277893884151,-0.0182916848446076,-0.1816334198797884,-0.0991091345567551,0.3261231237912816,-0.3430922498551513,-0.125887892981578,-0.2467557572822462,0.7499703547756522
SADAX,0.0010851014409975,3.0,1,-0.2119471276150594,-0.4944705256726456,0.378711816468621,-0.1137493343774697,-0.4809796540977202,0.0136700891589613,-0.105494520282141,-0.5578591815764403,-0.0187484415403747
SADAX,0.0013522210225991,3.0,5,-0.1169852811921017,0.0163302484192029,-0.2355249134241996,-0.129661112555223,0.3562836728827235,-0.3974693883627507,-0.167270454478594,-0.2243544817509414,0.7419767310010238
SADAX,-0.0059105567431859,3.0,-1,0.0448299500362201,0.4794239783802901,-0.1422355516271392,0.0679002998766787,0.4399149357768964,0.1783987552267806,0.081720970581972,0.5820877535166585,-0.4152659211285709
SADAX,0.0020427101056065,3.0,-1,-0.2851146014773338,-0.4973448486249027,-0.1569086230178148,-0.1512145278295422,-0.5333741587716009,0.0844287650207827,-0.1336720676860265,-0.5290778013722418,0.1856444585061591
SADAX,-0.0005717676705944,3.0,9,0.7468570190170214,0.4439610446908171,-0.2263551092047831,0.0208514284498163,0.2915464231759347,0.0760310573019458,-0.0868445973298158,0.1685316434525021,0.2582766519436626
grims,0.0037523786215468,1.0,-1,-0.0352274653692615,-0.3143596830775258,-0.544363979502877,0.0829410701845103,0.0400606256554429,-0.2357140497416194,-0.4262321326148667,0.0452774514490543,-0.5965197453386231
grims,0.0005358440266162,1.0,-1,0.6550283804255336,0.3706903349438795,0.2326294138241854,-0.1468352493850956,-0.2937123433616516,0.3512909276116647,0.2616200009901607,-0.1814075032523043,0.2163873798504583
grims,0.0192385512988212,1.0,-1,-0.221148445613689,0.2498747315166126,0.1577410377450551,-0.1153033030310828,-0.2017775768446527,0.0477984937921349,-0.2349347858220242,-0.2358461212224182,-0.8346629642331023
grims,-0.0001325379028991,1.0,-1,-0.189172834554352,0.1560011494056216,0.0522893804974243,0.2670290639851371,0.3103357081159898,-0.1083514197410313,-0.0554699361923474,0.5616568208212533,-0.662763155008819
grims,0.0096500404878939,1.0,-1,-0.2398556496901908,-0.0670759529990429,-0.3344602115139934,-0.0840464597994302,-0.2299674964756892,0.0370180232546428,-0.4100839540025919,-0.2621835213084471,-0.7265522773297809
grims,0.0047275543273193,1.0,-1,0.071046833157738,0.0888697201193676,0.0891730262062036,0.4671654391792307,0.4049971493731782,-0.1035026800706962,0.0669792846544187,0.7388302272718144,0.1891224975837386
grims,0.0090953991973656,1.0,-1,-0.1783756335006607,0.1750046399228549,-0.0758111192866251,-0.0935064851826928,-0.2892165076789711,0.0233459929377607,-0.5242536615086166,-0.3186356337763986,-0.6800756784229604
grims,0.0045008480890317,1.0,-1,0.0430024881509972,0.0590973796627707,0.2103521839752687,0.4256153187856811,0.4339998051570494,-0.0657679847348076,0.218086117578025,0.6798241091545459,0.2585695497949319
grims,0.0052519923058629,1.0,-1,-0.1582741267209857,0.0864102875081536,-0.3289717657685866,-0.0745050797928605,-0.3405636965382186,0.0394080255655037,-0.5750503018799772,-0.3933262051360305,-0.5007835422794106
grims,0.0110525052161387,1.0,-1,0.1854947205450014,0.1903276747172337,0.1552039470561309,0.7042806170321783,0.4374850858659203,-0.111171919520656,0.4180468673367023,0.139329827164655,0.1064859244447511
grims,-0.0018308449970571,1.0,-1,0.3638338269399945,-0.2909305283758806,-0.621638176050593,-0.0425762149231179,0.0734011929299138,-0.5941731988159131,0.1369546643551926,0.0529859103270371,0.1214248983361497
grims,0.0065256295069906,2.0,-1,0.0985077906536482,-0.1720013825087217,-0.5073975633791886,0.7700752242492621,0.1158764687897543,-0.2925812602214022,0.0455448596767943,0.0697910516419101,0.0653247754358657
grims,0.0008303408123615,2.0,-1,-0.4462459295729665,0.4210041640743488,-0.2785568851553395,0.1554305863764322,0.2172416530461978,-0.6451383916686627,0.1803586139004261,-0.0358808767211882,-0.1570137305378512
grims,0.0004050241911607,2.0,-1,0.3528733152313622,0.4836815002024227,0.1801923817808055,-0.0644375863356439,-0.2451176867266336,0.5270028084834439,0.4961288980266737,-0.1222952357935438,0.0774369687187244
grims,0.0031939814271013,2.0,-1,-0.5528458175939416,0.2465107199635886,0.1585675273503693,0.6456372922266883,0.3644471527982518,-0.2000731532331304,-0.077698994133002,-0.079020105271193,0.0804393468045848
grims,-0.0186315741450171,2.0,-1,-0.7814203696126236,0.3222353133148223,0.1974596520000598,0.1599125120634593,-0.176018367877262,-0.1453254812335489,-0.3001132564012432,-0.1747546050853392,-0.2197161421760122
grims,0.0165447574784701,2.0,-1,-0.6909635011011366,0.3071990777085783,0.1922489418951088,0.128879639638062,-0.1665141104403797,-0.0092113247001647,-0.2747611558531297,-0.1778355509878739,-0.4895891912498085
grims,0.009165875572247,2.0,-1,-0.1985853467346513,0.2714007271914455,0.2000489524428674,-0.2264932711606343,0.8320646581063985,-0.2646722370425498,-0.0282947193307053,-0.0900094483296056,0.1558891908577096
grims,0.0035680056703835,2.0,-1,-0.2011697968340407,0.1716334415837371,0.1230740014918191,0.474786834046438,0.4962913402390914,-0.220443395691664,-0.0537933412364245,0.6156039446836318,0.1128742733000426
grims,0.0047972764231965,2.0,2,-0.6332090302514639,-0.3314704633002034,-0.3246254474791916,-0.2381266506316252,-0.2564206321366499,-0.0073517459393735,-0.4375618222609313,-0.2301928763652387,0.1297419581019311
grims,0.0097261830775583,2.0,-1,-0.2801148293209791,0.1863169941496835,0.1288428971209821,0.459555456726528,0.5207353287561189,-0.2078410770849245,-0.0753993639810347,0.5715949220067802,0.110729107503869
grims,0.2572812900610843,2.0,-1,-0.4219707332315268,0.3784913278186094,0.2369698073326402,0.5651196891156128,-0.4220781867647823,-0.0774344804479308,-0.1247215899237656,-0.282969283266522,0.1529603794398696
grims,-0.003209325528625,2.0,-1,-0.7162648667638002,0.1257486770021119,0.3252168125677525,-0.1937683731627654,-0.3047152909545739,-0.0392261980131566,-0.3752521026669289,-0.2493192326077283,0.1745721335179979
grims,0.0024797551180387,2.0,2,-0.507366068270319,-0.4288544813881881,-0.4562256788575247,-0.198470646516325,-0.3054241338687118,0.0111704998326874,-0.4463868437553095,-0.1023961354613529,0.089309431374047
grims,0.0113496773929841,2.0,-1,-0.0634785958118328,0.3874099146136137,0.3189827203504223,0.8156268654722356,0.1150107346622614,-0.1465576742144914,-0.1441371479268078,-0.1462763375441017,0.0448102786657945
grims,0.0027614355771355,2.0,-1,0.0079008386687285,0.2406002728089055,0.5364097273235581,0.0544682446112899,-0.1104428550305378,0.5806386801790893,-0.539370529854833,-0.0681763625194967,-0.0802459606743982
grims,0.0047876098867766,3.0,-1,-0.101625941514561,-0.2701800040075852,-0.6516119248447343,0.3228364238223461,0.0960261077969353,-0.3460221591521236,0.4937975765217303,0.0820764553764909,0.0912608195812946
grims,0.0003040808723089,3.0,1,0.1619528031232102,-0.4992271303063047,0.2269044015869552,-0.1809043038709669,-0.2399659763072054,0.6134546423995842,0.4460636413117282,-0.0705144181982884,0.0497620735832028
grims,0.0001743014488353,3.0,2,-0.4854621381274559,-0.467599889813896,-0.5067795997896328,-0.1694531731482929,-0.337445048171176,0.1408059955557312,-0.3473319030367607,0.0611586886639344,0.0454047338046119
grims,0.0041917471190549,3.0,-1,0.0332149938731659,-0.2427756135669934,-0.5629471567050747,-0.0713798511776368,0.1412992483045807,-0.6939632785836434,0.3066381098274601,0.1415519644189587,0.048350621705239
Pa0l0l0,0.0003125118392868,1.0,0,0.310953893144069,0.3606823017551925,-0.1570863583727848,0.5707283595421625,0.3033755481973766,0.1370356369143371,-0.170067782587449,0.4511989869374599,-0.2819395389980502
Pa0l0l0,0.0096679847472524,1.0,-1,0.2265405190665344,0.4478702756720786,-0.1746318193373878,-0.2226236106946656,-0.5019355586177706,0.1509243760048657,-0.2106390743903111,0.5682873711712814,-0.1612365865940501
Pa0l0l0,-4.504606894686387e-05,1.0,-1,-0.1676453225581952,-0.125183086230228,0.1765002256756701,0.1571519562814291,-0.116791363030154,0.5564323659521155,0.0844886409954495,-0.1695177783180164,-0.7356924396369356
Pa0l0l0,0.0015138992983245,1.0,-1,-0.406397390503516,-0.2969053139645202,0.5729122133593956,-0.2167518605823652,-0.1564123059022746,-0.4470243527522462,-0.07211126422239,-0.375653653834139,-0.0294506161457009
Pa0l0l0,-0.001779643149614,1.0,-1,-0.2378846483284172,0.2942885099688034,-0.1680282070838865,0.1920270066424204,0.125160426768087,-0.33149704188348,0.6772997728761256,0.4441540192539925,-0.1006683712510474
Pa0l0l0,0.0010665784919449,1.0,-1,-0.3751025000624682,0.4144237127467115,0.0624368161322231,-0.0084676939848458,-0.1829278085074882,-0.4903356246869559,0.4326302200306834,0.4714820878651652,-0.0150056151481822
Pa0l0l0,0.0001429581283767,1.0,6,0.4908299612645874,-0.585422235391095,-0.0611322643107377,-0.1077475789444262,-0.2923333390385466,0.1543581456554336,-0.1362065120424739,-0.5087669157483643,-0.1197449548000406
Pa0l0l0,0.0001440960153652,2.0,-1,0.4057461657702255,0.4176662173310874,-0.203655977401398,-0.2852563319749873,-0.3808439813608295,0.1454332074646544,-0.2405948992916126,0.521999072566008,-0.2037551336845811
Pa0l0l0,-0.0330239815961137,2.0,-1,-0.1527631737818381,-0.0587322521038766,0.2868950604520334,0.4316528286729612,-0.3351706141516301,-0.4316743280194279,0.4124966617319549,-0.3711614757224183,0.313024906394852
Pa0l0l0,0.0054224862343714,2.0,8,0.0846567035964955,-0.1363065284129446,0.9201769363664934,-0.1535804036961853,0.153381675630947,0.0440133845086525,-0.225516241799424,0.0956428933517739,-0.1359153539103614
Pa0l0l0,0.0018681187115821,2.0,2,-0.2034128452622083,-0.2460778406588668,-0.2572550449869726,0.8407541646611191,0.1355610146858366,-0.0109331830211848,-0.3115422840732154,0.0121238167623063,-0.0965364297074713
Pa0l0l0,0.0015835874121675,2.0,0,-0.5808834920357387,0.214630531970711,-0.1334943867046671,-0.4430774347533182,0.3875210127527413,0.3030628294219818,-0.3843309075535122,0.0721521405962875,-0.0862203407636424
Pa0l0l0,0.0004370639618112,2.0,1,-0.1906876750610175,-0.2206280712437042,0.751772428601111,0.4711446759720415,0.039811439046159,0.0692301243990942,-0.2481799279569523,-0.2370800154909826,-0.0603688948741888
Pa0l0l0,0.0002796735283583,2.0,-1,-0.6833738731167505,0.05755288926325,0.1616912313402743,0.4202221161838947,0.1784078064057162,0.0770596882216226,0.5239314670134483,0.0127161702645961,-0.1205143527057442
Pa0l0l0,0.1592783951486374,2.0,8,0.0320143564120642,-0.2344774980009936,0.8219324024292219,-0.3170400006774445,0.0978937950324158,0.0980097174795637,-0.2630768205365675,-0.2364905804974519,-0.1535637969319768
Pa0l0l0,0.0003598172292868,2.0,0,0.4896961085239007,0.3296116622772365,-0.2690750768233394,-0.3535552079301753,0.3577349220348403,0.3428675470592786,-0.2511075400872616,0.3149234566912695,-0.2153763725030578
Pa0l0l0,0.0006761468210961,2.0,6,0.1928419306324506,-0.6500611567268922,-0.1200307711710759,-0.1635166613322576,-0.0970300136449605,0.1274845479730312,-0.1189161356592997,-0.6149769547069159,0.2847499992679724
Pa0l0l0,0.0152861955286797,2.0,-1,0.1143288782945736,-0.5918842794687856,-0.1232065867878322,0.3532640646842505,0.261177436965103,0.1142784429892345,-0.1309020208630413,0.4033837521863627,0.48528294651141
Pa0l0l0,0.1603412755182999,2.0,-1,0.1382973980421109,0.4086159679003737,-0.1446141308956167,0.5075407197781397,0.3100104628686335,0.1341573961005924,-0.1642389876814284,0.4788829767183495,0.4061870836231165
Pa0l0l0,-0.3548120445386162,2.0,-1,0.0923924140368509,0.256055077240514,-0.0906784804516953,0.3184913330867552,0.1950176483722208,0.0837079012194146,-0.1101480140434866,-0.5210819861999413,0.6982422258331277
Pa0l0l0,-0.0001655905452965,3.0,-1,0.1116140024768272,0.3363321418141198,-0.1201380394759341,0.4260345219541225,0.2574401144618744,0.1101702948179252,-0.1501673751937897,-0.5236492887538886,0.550738338803985
Pa0l0l0,0.0041434068412545,3.0,2,0.0246995329955119,0.22343776101159,-0.1209417234231712,0.1447373438618714,0.1242310764248593,0.1107743144256962,0.1800930845489168,0.2526091798166919,0.8887859556355552
Pa0l0l0,0.0141467597754558,3.0,-1,0.1920853929189885,0.4468969680650024,-0.1976896815730268,-0.2426832472926909,-0.4563642653892767,0.0596293389008522,-0.2548799162026145,0.5774317763660903,-0.2349355320544311
Pa0l0l0,0.0288988378018475,3.0,0,0.1357651889526437,0.2757158944400959,-0.1665827394072692,-0.1825258015908951,0.2534090481771054,-0.733281942893415,-0.1930234427930206,0.410274568728562,-0.1923051143944843
Pa0l0l0,0.0037864663684224,3.0,0,0.1892826694953963,0.3516564156594085,-0.2825488669450861,-0.3224219827769635,0.3912936928299025,0.0483050107762707,-0.3007241302943413,0.5702885026346012,-0.2925951678880435
Pa0l0l0,0.0009588773210677,3.0,0,0.1555044436364543,0.1706503959269059,-0.1060595135774166,-0.1545186215947222,0.3161206239331635,-0.8611244679488289,-0.186683852440117,0.1623017585643543,-0.0944026788204914
Pa0l0l0,0.0007734756443064,3.0,1,-0.1499806633601101,0.1994372686326002,-0.1911560758849141,0.5162458875413815,-0.3011505203809647,0.0376319187498144,0.736385477026149,-0.0063676277765113,0.0163768145338076
Pa0l0l0,0.000439379364676,3.0,-1,-0.4016591947458411,0.1347750170381201,-0.2156133045870047,0.1246294505544683,0.2539384150494322,0.0723464167737076,0.8261148440330311,-0.0792333577113252,-0.004648207645598
Pa0l0l0,0.000766773875033,3.0,-1,-0.7096456318551005,0.1201020254312187,-0.106241972041856,0.5278480271635643,-0.3626282682474209,0.1513004077121329,-0.1922240949291771,-0.0234561503076371,0.0132784151127827
Pa0l0l0,0.000981750184721,3.0,1,-0.0787233429970472,-0.1889638674115566,0.7301672957096016,0.5846956402950698,-0.0388531619016166,0.0220138233711942,-0.2217052630906385,-0.1752038260655423,0.035188629087212
Pa0l0l0,0.0394622253035255,3.0,0,-0.4660710185700971,0.1134341508184828,-0.3297254087721512,-0.4564617473300423,0.4152811233865546,0.2639788485994024,-0.4119528683697633,-0.2006590536001408,0.0268674824410405
Pa0l0l0,0.0081592057634406,3.0,10,-0.3997869364837049,0.0214436738358261,-0.2208030031301837,-0.2834578516132695,0.2219573901950565,0.1571288006933334,0.7865491314396371,-0.1260081531462515,0.0460013101941246
Pa0l0l0,0.0113301575996134,3.0,0,-0.565738741883627,-0.1968408408978704,-0.2347789070051129,-0.3928936414049028,0.2469485420183557,0.1675759632271926,-0.4170152437272751,-0.4083853828692966,-0.0442853289125986
Pa0l0l0,0.0021265982919499,3.0,8,-0.2118141203976798,-0.220408193656349,0.8059404454461923,-0.2427613492571287,0.0423515957860941,0.0835503885146309,-0.2617764928867599,-0.3475242949637753,-0.0027457904910761
Pa0l0l0,-0.0014219910039412,3.0,-1,-0.0860299804229874,0.0406367147379473,0.1826294716369046,0.1950658328766299,-0.1720986018783318,0.0091813066486997,-0.9342854841146372,0.1285241937714857,0.0208143567114547
Pa0l0l0,0.0003431418908287,3.0,-1,0.0719870635407665,-0.1899076455359779,0.6495269157744104,0.1344923275228549,0.1409719227597479,-0.0138682773180617,0.6929421749464224,-0.131952677040686,-0.033671493162515
Pa0l0l0,0.0075180145409631,3.0,10,-0.1739801262677116,0.1409848126691292,-0.2154723428998395,-0.3336715392282497,0.2830322940785476,0.2473518005444155,0.7914643581593641,0.1372137536089199,-0.0745354578360722
Pa0l0l0,0.0118525176028343,3.0,0,-0.2398631413972086,0.3048376530960642,-0.326992955271277,-0.4676248673786385,0.6180102556296997,0.2394210086805051,-0.1743885241517841,0.1751865952069029,-0.1535626038751368
Pa0l0l0,0.0017781592158332,3.0,-1,-0.148456852258168,0.1778503951689769,-0.1926401477956005,0.6114608420344756,0.2991680954198781,0.0998757603074311,0.6482635024483318,0.0917798928143359,-0.0847901994683375
Pa0l0l0,0.0005156827958144,3.0,1,0.1124188147038068,-0.7543852216052921,-0.0958253370601301,0.402797695438422,-0.4440025754689166,0.0735045837801085,-0.1345726411272751,0.1058852629906866,0.1223673703755993
Pa0l0l0,-0.0004346046343586,3.0,1,0.0540859144186003,-0.731133224371666,-0.0990747647394583,0.3927280833538203,-0.4414672362397607,0.0723373527199875,0.2483587122035116,-0.1695783791387727,-0.0888981200477364
peppe,9.130148519226368e-05,1.0,-1,0.5766335067216819,0.4343620340706181,-0.1562604611719251,-0.0856149168181152,0.3036834541283721,0.1334232765697381,0.3528763376203845,0.4583904558213434,0.0490636922177409
peppe,0.0009606907199799,1.0,1,0.1807773826015485,-0.3282860880021657,0.3717551737458237,-0.206052159191489,-0.5302197825487851,0.3589175433554421,0.4105799681085807,-0.3164004804058661,0.0157602633928929
peppe,-4.5267953941923655e-05,1.0,-1,0.3254372823678009,0.4076767087019646,-0.2277855134867419,-0.2937751807737142,0.3429768664353864,0.014026852317172,0.3449475806301575,0.4939724066732813,-0.3299586701406547
peppe,0.0008161463625352,2.0,0,0.0439090286158566,0.4246345043592586,-0.3081734457298823,-0.1740515421713027,0.5680390373026667,0.0132948641704792,0.1861900742628925,0.5777369982230975,-0.0346531202842298
peppe,0.0002417066160926,2.0,0,-0.0647480895632884,0.0335926874753694,-0.1477401956881739,-0.0878331232314375,-0.0551798611975073,-0.9774903494403744,-0.0266400387597133,-0.027239326915669,-0.0717880237974153
peppe,0.0011480134923503,2.0,0,0.1819550043069647,0.3930680148310264,-0.664174054525193,-0.2460631308827527,0.5267444216608279,0.0601171966132567,-0.0756894887976242,0.1520739234863035,0.0280451964120516
peppe,0.00046652081902,2.0,-1,-0.1832409842256927,-0.237503182453772,0.3882980819659245,-0.1416089393621383,-0.2428264783873769,-0.0489138906912773,-0.6139221754741728,-0.1641730721215248,0.5234271538631803
peppe,0.0022745941529059,2.0,1,-0.2487674114808011,-0.3724830737955591,0.3451601763979406,0.2355913542296814,-0.3281733055924247,-0.0260894981979358,-0.4457027259230715,-0.379285359882823,0.4169479783207292
peppe,0.0017412635314053,2.0,2,-0.3435664976204495,-0.1366390660504766,-0.3034839713129821,-0.1081788693567026,-0.1207382949550059,0.0010102889692191,-0.5361436473379562,-0.1127897655853934,0.6668855526763041
peppe,0.0003406024308839,2.0,1,-0.3853947276289353,-0.4744143707443361,0.3229214718547881,0.3863037632511814,-0.3786042967464052,-0.0133300943619739,-0.1996443122443052,-0.3059122770947209,0.3097320723478094
peppe,-7.88262714380433e-05,3.0,-1,-0.0282262627153986,0.3034208672363634,0.2292461543976884,-0.342211159742474,0.6206178284245726,-0.0699530524927052,0.2162882680862321,0.2039873079951856,-0.5089454027829448
peppe,-3.768345659944325e-05,3.0,-1,-0.2217644041166095,-0.1234513581366356,0.2847325942968536,0.0324125908214766,-0.1580985956652809,0.2522271007956327,0.239453216120115,-0.0097378065413254,-0.8410771314383968
peppe,0.000114022464941,3.0,1,-0.1746406186447316,-0.4402231922741366,0.4738242069654425,0.552140022764216,-0.4068324587755424,0.0070496987042224,-0.039218538690406,-0.2805349894105774,0.0231492901203708
bigw,0.0024356959206577,1.0,-1,-0.0380919337211297,0.4941252057704266,-0.4401873453623895,-0.3758625028629515,0.195152653806804,0.2178365810264712,-0.0280563594510194,-0.0202489747169511,0.5767297902209104
bigw,0.0010537416042893,1.0,-1,0.1337851826962417,0.2821834621467859,-0.340695861563866,-0.3553248585864691,-0.0066383907201662,0.1782937025032783,-0.7825387993378922,0.1261456054244984,0.0056740236836531
bigw,2.0703402455376084e-05,1.0,-1,0.2634525716499368,-0.2394357283510622,0.2733964092573291,-0.3167377591853795,-0.4569260584242493,-0.4955712914589403,-0.0166862573185209,-0.4714281510181371,0.1459438565009587
bigw,-0.0003221957416698,1.0,0,0.0502473759382326,0.6655927994569565,-0.3077785340362816,0.2368210503211951,0.2088656305016468,0.1789650420962508,-0.3205285351267959,0.4713566064588874,-0.0555036976541711
bigw,0.0006274968836364,3.0,-1,0.1402713166579144,0.6211356571394501,0.2897749083250853,0.3216695539098773,0.1693758397297378,0.2034472665385278,-0.3749715633775795,0.4431533913646365,-0.0024671399740203
bigw,0.0015718299824514,3.0,-1,0.0993158153814049,0.2583955775550969,0.327332100803291,0.5238852756339553,-0.0949652637659089,0.3776178656793651,0.2798722137188129,-0.5014535115749139,0.2456995604141045
bigw,0.0093671498332951,3.0,-1,-0.079372100610001,0.1914642469857752,-0.3418520635535294,0.4042718813087224,0.0368238540872658,0.2840439608929846,-0.5173163887173412,0.5605799708410315,-0.1133128708705529
bigw,0.0006212448917966,3.0,12,-0.7948742946781739,-0.0282152146639637,-0.0174497777755713,0.3536418274312769,0.3741003911802184,0.1620996403510777,0.0903897976365593,0.2540465566952892,0.0554468745678324
bigw,-0.000972457649506,3.0,11,-0.5330505896491095,-0.287464153828341,0.1204958795506986,0.4725675282326876,0.2328066358364502,0.2779451038279459,0.0930618654212507,0.1107881108049641,-0.492945409439032
bigw,0.0015676512842068,3.0,12,-0.5117459724626116,0.0333903244664379,-0.285227197038742,0.3930130139079645,0.5308702136728527,0.1769938268019807,0.1976214909468726,0.3182476135272264,-0.2184068844560842
bigw,0.002264951962547,3.0,11,-0.6716710028805828,-0.4677133070028435,0.179319783341278,0.4188309058663512,0.1363079879917978,0.197280375797924,0.2162321512226537,-0.0433597616152312,-0.1280296353209556
bigw,0.0017582606434114,3.0,12,-0.574314273265696,0.0440007267570283,-0.2033219275772868,0.4218970999747013,0.505658871539822,0.1448166424006266,0.1644498424851497,0.3805830893260781,0.0184415159315532
bigw,0.0040959765659283,3.0,11,-0.6569748254116466,-0.4444872756850778,0.2787776727859672,0.3925641489852203,0.1796286836661001,0.1993999520351214,0.2181782625239257,-0.0431955225923655,-0.1322767036924228
bigw,0.0015435699241707,3.0,12,-0.5900072969698823,0.2013608916674759,-0.1896638522964714,0.2310821268167288,0.6019412010117619,0.1156640584892219,0.1237074066324522,0.3566196305974028,-0.0614929861224552
bigw,0.0050055120475163,3.0,11,-0.5932805570303398,-0.4824691104316299,0.2510280518635717,0.4624887460077923,0.0860473310785984,0.2119478034850838,0.2317862230431266,-0.064672014905772,-0.1676230229721733
bigw,-0.0003398207414525,3.0,0,-0.1249961891468543,0.5794192318296901,-0.3577785199645595,-0.0100522527095752,0.5583012897562624,0.1380308831726632,-0.054462529374163,0.4139243361558253,0.1244604810021384
qwe,0.000321586897461,2.0,0,0.0355818178141412,0.4149862631255291,-0.2790873173497043,-0.1713277665598368,0.2001734252688201,-0.7113375766970365,-0.1031605970786413,0.2454329079391633,-0.3198865925045233
qwe,0.0026898107844622,2.0,-1,-0.4613295308649071,0.3815474630257709,-0.2635539819784712,-0.1778642406939811,0.2858895801886156,0.2287550167860838,-0.1097821212310379,0.5404478208907139,-0.3198476775958754
qwe,0.0043005540636029,2.0,-1,-0.0244123930178928,0.2211349393672098,-0.1636683219510324,-0.0973078106789563,0.1375150668886708,0.0306794870340731,-0.082714189594817,-0.8960916587610831,0.2908156141289797
qwe,0.0025070528377375,2.0,0,0.4362084442104831,0.2605702647030427,-0.2671619793510192,-0.1351319503526648,0.1165712763029866,-0.7335076540747618,-0.1185701769599647,-0.2842540016829467,-0.0755486449443819
qwe,0.0032198151404146,2.0,10,-0.2720414652945192,0.4782694464862932,-0.3171533125682487,-0.1886943738586951,0.3231063922356038,0.1793301038009379,0.599933769273556,0.138304206185937,-0.2132003272110659
qwe,0.0108410892971428,2.0,0,-0.19890192394717,0.5296544246127585,-0.3090390670296384,0.0311875157042046,0.4353122661609699,-0.3011852439756367,-0.2853588665856765,0.3645742105294718,-0.2981158349883137
qwe,0.0003133431870517,2.0,0,-0.1790426986720625,0.3749800854569308,-0.2415394221379681,0.4082619594203734,0.2197792292927572,-0.5941281704756339,-0.1894312305891503,0.3526867239916983,-0.2018693107499831
qwe,0.0053382980703582,2.0,0,0.1331952660606595,0.0166119871915112,-0.3906706524789531,-0.3609087079862629,0.2765813883029177,0.2571271822431275,-0.349647683360885,0.3452740730662925,-0.561270940417062
qwe,0.001047874413636,2.0,-1,-0.1354332630747641,-0.0844589066534109,0.4579864548601942,0.3801812664279121,-0.3747450740712442,-0.2751064769206484,0.3483010817220124,-0.3543506291416893,0.3965345887504694
qwe,3.3041677260025565e-05,2.0,-1,0.5203697460331499,0.1660799937169845,0.0086922685371553,-0.2460362721165139,0.2726800744196667,0.206926399315466,-0.2205192323063175,0.3645325282784507,0.5850963225502464
qwe,0.0016361807092617,2.0,-1,-0.072595578131825,0.1859597262544039,-0.0581928429516064,-0.2323257367933124,-0.7976390242636797,0.0252872816976973,-0.098950278689696,0.2906205259947423,0.4143287340669788
qwe,1.814289864204423e-05,2.0,1,-0.2745309890367169,-0.1530713919504412,0.3912175939962093,0.700765771248755,-0.0885238034123122,0.2741553087438484,0.1359690571479394,-0.3773624087178869,-0.1148496579043649
qwe,0.0018132917844552,2.0,3,0.1295154249963001,-0.2116563587832017,-0.3220414324387222,-0.2177510232566567,-0.1480299045845314,0.3155572039470383,0.6326794969150231,-0.4558733791969245,-0.2402250254384681
qwe,-0.0004311956421922,2.0,-1,0.0726644787291706,0.3256934478767944,-0.4287526296667123,0.1648467874309208,0.2585434584763078,-0.1461503652551027,-0.3583713469295496,0.640088378884419,0.2264786226129384
qwe,0.0516909051115643,2.0,1,0.0832171870243047,0.1446154719738032,-0.34661284556932,-0.221030487220886,-0.0384187332056753,-0.1255523864553361,0.8099705564542985,-0.2479816029864129,-0.2614952112495307
qwe,-0.0018904646540994,2.0,-1,0.2875560590803506,-0.13232422769644,0.3842939547982786,0.267597366413976,0.0072627894710845,-0.3713218140092564,-0.6378844947221618,0.1722098644479018,0.3256165133318386
qwe,0.0164803988398798,2.0,-1,-0.3710169298918888,-0.0528214034222599,-0.2515337611161976,-0.3382970591482923,-0.0470328810005132,0.5137824161742454,-0.3965972936674106,-0.246235733638456,-0.44467548946914
qwe,0.000203964855506,2.0,8,-0.1945251856647298,-0.1721030409407602,0.5995871478736916,-0.2499093513067773,-0.1569743787958663,0.3554464792188943,-0.1385441560422832,-0.4919660846773347,-0.3136443795789926
qwe,-9.46785337701309e-06,2.0,10,-0.6329838188666086,0.2132253033083103,-0.2707925390926015,-0.299830895012609,0.0216724901959485,0.2729436754348767,0.5029564517076992,-0.115546420433187,-0.2221602481753395
qwe,0.0013585266111267,2.0,7,-0.4791629687705569,0.2106474846135591,-0.207773645926382,-0.1677705949712387,-0.7294085405252644,0.0841708954004872,-0.1562833076222972,0.1931119848503782,-0.2321106558271007
qwe,0.0081707250690252,2.0,-1,-0.3682034685215823,-0.012734763683422,0.2824641446483414,-0.1955462889929221,0.0929709832941238,-0.7098113286716403,-0.2055038284428345,0.1896084458716185,-0.3944372892057646
qwe,0.0014141251976105,2.0,8,-0.3670658442338349,-0.3128874653086773,0.5304023576507374,-0.2120905124828168,0.0403214874614078,0.2094155099377495,-0.3129552569021561,-0.2054558950880846,-0.5053921821320542
qwe,0.0053899362240345,2.0,-1,-0.0478416561373926,-0.1850092875991046,-0.0520168424504226,0.3860555427991515,-0.6534218277943993,-0.1766642102699006,0.4073361801354428,-0.0004382439871478,0.4331798950575347
qwe,0.0003292850094221,2.0,-1,0.0735390352847272,0.1106896474737061,0.6689870774003362,-0.1895619148420034,0.6031504217700978,0.1029925761637446,0.1951679551330766,-0.1039504784762229,-0.274896795601138
qwe,0.0068322438403995,2.0,-1,-0.1488567846417075,0.0437882954867226,0.4560924936840776,0.5265245744993752,0.4105222382935247,0.1296275728217112,0.487593936772341,-0.0900211437819392,-0.2439103999907738
qwe,-2.5845200774397684e-05,2.0,-1,0.0376136665986976,-0.2281850889814183,-0.0153742839852772,-0.2020523175857507,-0.0654382687065779,-0.6988733390737683,-0.2227025167502072,0.1952659589018229,0.5701087202012913
qwe,-0.0001029864929498,2.0,-1,0.2361532048676996,-0.8731439037808647,-0.1436561650678267,-0.1036395315218825,0.144019468747736,-0.3223422147869816,0.150835835766773,0.025916171420063,-0.0490299169922231
ocran,0.0023402940453529,2.0,0,0.1889291418406233,0.2141091159430606,-0.3273531069402532,-0.0567110442884839,-0.0800607463194866,-0.8486931335714033,-0.0737424770358978,-0.0933115436174766,0.2593301206986412
ocran,0.0048338099361606,2.0,0,-0.0227340205218864,0.2904545362940136,-0.5380644112147851,-0.168743130400924,0.6758999411154657,0.1288638640590551,0.1921526863362875,-0.009327360912535,0.2944070168928703
ocran,8.199379353898028e-05,2.0,6,0.7709887118043228,-0.1162652542977721,0.4238868457915872,-0.1386311977566461,-0.1100803971003318,0.3019582114905189,0.0077018037520544,-0.1850937612328264,0.2356791385467387
ocran,0.0016048767240361,2.0,1,-0.1834854543730967,-0.3865849524037126,0.5074423260178343,-0.2629420294247299,-0.5350693839780868,0.186300317527094,0.1610798550424777,-0.2427411807387748,0.2904683855909023
ocran,0.0115370507813258,2.0,-1,-0.5824645496671033,-0.1727985260921066,-0.5518869099816868,-0.2709276539531864,-0.0195921625118698,0.1977404662623276,0.161591423412576,-0.2074207676471944,0.3798347731243076
ocran,0.0019670805532224,2.0,1,-0.0329358244170007,-0.4909455098573592,0.4860690806391385,-0.1245599363593336,-0.5734113935364387,0.1226893574922731,0.1431188067208896,-0.107224964455833,0.3609375547135791
ocran,0.0013408718369626,2.0,-1,-0.1443468477690911,-0.1197509288392691,-0.2666421652513125,-0.1365238532725258,0.0555529861915331,0.1276960648623196,-0.0874418560108596,-0.5775473816234907,-0.7172777846274624
ocran,0.0003354526005064,2.0,-1,-0.1436484748498506,-0.4386091301469049,0.3403771506940208,-0.0984134023174661,-0.5975440694517443,0.0371243767511727,0.097068453126841,0.3305271688435905,-0.4293456834911664
ocran,0.0013032958440699,3.0,0,-0.1780095940978334,0.4502786967317398,0.0138028460296858,-0.2119253187645687,0.7521076866459093,0.1803415469266247,-0.1604098514964508,0.0391762508110826,0.3082266624454014
ocran,-0.0253983607325604,3.0,12,-0.6235366260893391,-0.0547882678739232,-0.5357185588184883,0.1449548182188806,-0.1276329593100482,-0.2819469589918918,-0.2179677700933836,0.1326067752900981,-0.3732496247844554
ocran,0.0375342540033652,3.0,0,0.3904037189752957,0.0600776233537174,0.3404911827066508,-0.1095999989978028,0.0240841132625776,-0.7843668778461877,0.1590528496789349,-0.0937285708388261,0.2571670907111464
ocran,0.0015842184664649,3.0,6,0.7249568562980925,-0.1484187432842582,0.4897119527470281,-0.1685782080347895,-0.1303857133025235,0.2370298963847184,0.0052891520701377,-0.0838169132331955,0.3223913276961097
ocran,-0.1939400768182405,3.0,1,0.1352202751315907,-0.0264757265335475,0.1077196819053044,-0.0486788790780464,-0.0922238010705026,-0.3010260512721667,0.9301970911287843,-0.0158798892247194,0.0489963029741637
ocran,0.3310409252866744,3.0,1,0.1204573538454756,-0.0239992635891689,0.0969443492171177,-0.0438061683785333,-0.0828158148111865,-0.2712618939466717,0.9439166103830844,-0.0146373367797706,0.0443010241767921
ocran,0.0138768600538059,3.0,0,0.4716343750383758,-0.1046155159626639,0.3421987618638121,-0.1267464733742869,-0.2547269687335607,-0.6446952586247207,-0.3396107939788139,-0.0670590051654444,0.1819388422355092
ocran,0.0005807481837784,3.0,6,0.3998544136388012,-0.1892697251594441,0.5394951571070195,-0.4675594974791427,-0.2887107795303823,0.2440680367239135,-0.0645565724938795,-0.2227562686257427,0.3129144991451101
ocran,0.0084027213133468,3.0,1,-0.4261634208737512,-0.1445262708238256,0.3308713888680329,0.7398493188591218,-0.0362174348103988,0.065694624091695,-0.1276197596330469,-0.1732493859434463,0.2978495696921526
ocran,-0.0054025728009911,3.0,1,-0.3661769716413822,-0.4437661506949322,0.3355524525800494,0.2632285414798274,-0.5148253908572694,0.0888582151649195,-0.1190206329244626,-0.3123595507961755,0.3200405442219821
ocran,-0.0012245796124966,3.0,1,-0.2143986281766293,-0.2080650950639149,-0.0755575717156789,0.7877542985341333,-0.1982041859859905,0.0928150542963235,0.0523906750116382,-0.3309777567306931,-0.3525418713066486
ocran,0.1114710494927358,3.0,1,-0.0816588696104022,-0.1540289798711093,0.1196114625351902,0.4025732501080735,-0.1413981050973756,0.0418159049663364,0.8252041196124298,-0.2003744444465867,-0.224457184459634
ocran,0.0071819435993926,3.0,-1,-0.3624289780038998,-0.4014215935867783,0.2724389849131079,0.1420294809488582,-0.4794331564710589,0.1036642013006027,-0.2083266550904485,-0.1924215635244431,-0.5404461995987692
ocran,0.0176992501835473,3.0,13,-0.2327310366777502,-0.1547856423208675,0.2045728845718591,0.4949255763287146,-0.4190758610324884,0.0841918946715831,-0.1214565497909778,0.51703127980761,-0.4126625595770938
ocran,0.004038055708163,3.0,7,-0.1585295714297952,0.72754763862675,0.1476428110186839,0.0374201821507979,-0.3820826920438325,0.067167974318366,-0.1252825815275925,0.3845958765926689,-0.3289919527487424
ocran,0.0180050455578337,3.0,13,-0.1722298922823421,-0.2178918471888383,-0.2984939375325078,0.0046534991943555,-0.4052850916859407,0.0992121520348148,-0.3483296693284605,0.6292176744191237,-0.3773489424186735
ocran,0.0189390412008106,3.0,1,-0.0419176074122226,-0.0682677826891396,-0.0993304557228331,0.3256334019402957,-0.1578562639522202,0.0334012169221253,0.8769116005015931,-0.2557119672330603,-0.1314608896247414
ocran,0.0003085807625101,3.0,-1,-0.3566570931055454,-0.0663450578923848,-0.124241900035077,-0.0596826230822426,-0.0956775716467468,0.0540778740893136,-0.0219969168766024,0.7573522677999167,-0.5130799644621338
ocran,0.0113272266255298,3.0,7,-0.1871226582437724,0.6790852871286768,0.1824246593072182,-0.1067492574673997,-0.2688781887450752,0.0439793281870302,-0.0110113437487467,0.504617787171804,-0.3607826226026071
ocran,0.0013933630753629,3.0,13,-0.2697339867460264,-0.3488474945176739,-0.1869640672369774,0.3855277804505239,-0.3298022413409543,0.0731685356490505,-0.0132654864614587,0.5754788357930624,-0.4201032652177246
ocran,0.0139617642510443,3.0,-1,-0.0366358855193094,-0.0624707221370413,-0.1586957861190518,0.1847505755401916,0.6318184817076904,0.0110772831698814,0.6693743121905605,0.2873429358298742,-0.0741138344154606
ocran,0.0048479976310488,3.0,-1,-0.477264793994677,-0.4527075269755759,0.2625919126960893,0.0433451887441337,-0.3127053600915995,0.0479431045663023,-0.0413859710108415,-0.2382735036379445,-0.5812664180858357
ocran,0.0007214867731123,3.0,11,-0.5754843731044889,-0.2176897964663066,0.3201766127310715,0.5438798933015065,0.0042035479011009,0.1499657955226912,-0.0871355273943669,0.139957049463407,-0.4164402738435414
ocran,0.0757573428957856,3.0,1,-0.02232779093231,-0.0572403838442889,0.2002516168532897,0.0035212173479804,-0.0210374905472975,0.1283488694672979,0.9688713434928282,-0.0143869064172234,-0.0166501521181277
ocran,0.2387425071926932,3.0,-1,-0.025934352612597,-0.1056705907128916,0.1331118483072725,0.0450421909787181,-0.0142251443855223,0.2737064633143408,-0.9401049222638992,-0.0847408547758064,-0.0481426251801109
ocran,-0.095398647590681,3.0,-1,-0.0355490097125826,-0.1151961819973194,0.1407593896200529,0.0471359931357899,-0.0183385131220549,0.2905023242086107,-0.9315265902462074,-0.0908231997675209,-0.0520822096374452
ocran,-0.0032507104806114,3.0,0,0.4017754348904419,0.4055570913783414,-0.3180833376964431,-0.1108085802192754,0.1073796075547942,-0.6839063108284501,0.093296692224149,0.2352888249278051,0.1316095298811532
ocran,0.0473311880627835,3.0,1,0.2081242047377193,0.196963742996393,-0.1541997089617449,-0.0560217128269376,0.0469379376901412,-0.314963675831536,0.8754709547518434,0.1413353645482069,0.0560647110150158
ocran,0.0438519118425199,3.0,0,0.2216636476864686,0.3178943176240644,-0.3690259524844596,-0.132479691863085,0.0850303579404009,-0.6668667764945099,-0.4291049212307017,0.1931589926220011,0.1506469997532491
ocran,0.0745829541610011,3.0,1,0.0528898623157695,0.1198814993594112,0.1172113943267651,-0.063674891085064,0.0324890001616925,-0.2945205035699518,0.932466332522003,0.0493129320757494,0.0729040269758278
ocran,0.0002358300152519,3.0,0,0.0772576516909234,0.4112473081113799,-0.3332541007099178,-0.1276405666674307,0.136903279928057,-0.786788420095477,0.0826230268423286,0.0922496875680837,0.2108112934707118
