Username,Adjective,LogNumber,1,2,3,4,5,6,7,8,9,10,11,12,13,14,15,16,17,18
pedro,-0.0011516313359772575,1.0,0.03163001897863443,-0.08675282921776986,0.04526511562961754,0.2636467717053295,0.13649981286385457,-0.27496203617788717,0.26728559351970393,-0.27036823594278825,-0.14937710728241313,0.21837174683135313,0.0095008131978422,-0.2608499290697946,-0.45579768245366736,-0.21596805914100153,0.260986811399626,0.13850133186469335,0.33974220275490086,0.29307017250367895
pedro,0.0007413805676867782,1.0,0.0029000797226924973,-0.30942340433925275,-0.4271899567530585,0.3265296696954041,-0.12203937772089764,0.11325686664933937,0.2270224778583895,-0.2378802304375339,-0.14056353954213535,-0.24002017507463166,-0.07687699612539073,-0.221792074320802,0.08773902387658199,0.25755023876484323,-0.3706022840054874,0.025078040563977125,-0.30631392357118686,0.2024497284311435
pedro,-1.2310618327044925e-05,3.0,-0.25324518688359965,0.034977577525256764,0.10597095627922788,-0.1504200078554758,0.11822126365331753,0.06522647248622271,-0.2743660690977009,0.19775636830408114,-0.10984354444972022,0.1698850747476198,0.11470137812881849,0.3666682741087171,0.4181158364481602,-0.4575544009076791,-0.09115961664674209,-0.3536887751006448,0.12272446931468171,0.21679429336257897
pedro,-0.001780899083207086,4.0,-0.13172306774501547,-0.18908633380876727,-0.30229300655139296,0.20607808154177745,0.009591095441715585,-0.023498406585119758,0.015966439442907657,-0.20946714111751855,0.060062435562963076,-0.29877084915959295,-0.07371944930223934,-0.18252223548589655,0.26764287709376,0.025193559218125165,-0.42135884213883923,-0.39153930567325085,-0.42013857487721934,0.23878858980781914
pedro,0.0010984309197752606,4.0,0.07775788915977899,-0.14870092533340568,-0.161911080358633,0.1765355912791236,-0.25761828268813347,-0.1699573403988223,0.20389374225209728,-0.3421484713856859,-0.5910671189775987,-0.16024145930020695,-0.22319922188570007,-0.32949612507815096,-0.02922489838131984,0.036192674640912616,0.07851662230898568,0.24837658331023296,0.1138919502673592,-0.21013424155526622
pedro,0.0004333680222870763,4.0,-0.44974926089897904,-0.324271142976686,-0.10680362389812231,0.26418636280974944,0.4235546507829097,0.26921407251765944,-0.2968696803874048,0.11459042712997419,0.08908774159166319,0.17858422215710074,-0.019882596800251652,0.10761846959936262,0.1105470679191094,-0.09869720103019144,-0.256696925356561,-0.08567346010592389,-0.28211182691952885,0.17789580376745695
xxx,0.0006807010026768982,1.0,-0.03468819592224738,0.3060019053034516,0.1382059719726514,0.06640133022937288,-0.12150144304186736,-0.18331002136165292,-0.05862317959208122,0.12737840069685696,-0.20308693083375115,-0.11195562259243738,-0.05798907336982451,0.17401852487959987,-0.1125659023130708,0.06681689909981038,0.7512687750106789,-0.23892560636527158,-0.28881910643006603,0.06447185508929675
xxx,0.0004215544483116727,1.0,-0.2585837633855574,-0.16345411417079425,-0.05543581183320492,0.10695356156432449,0.14199338019028096,0.11898039881976061,-0.8158086255901615,-0.08207739901608596,0.19759227082778222,0.00945111031318891,0.16498979638774353,0.05615715160141476,-0.05675459324056228,0.0616941167116331,-0.04545974850882505,-0.23926990815592522,0.1983248030732131,-0.10060908168800722
xxx,0.0020160817001347686,1.0,-0.31700726868733353,0.18624690783961162,-0.2556708613028429,0.026421680002765374,0.29758175124622815,-0.06578396348624982,-0.036131399967325194,0.15176317444386925,-0.06166126185902926,-0.08178058969801694,0.1320280602212847,0.06975795278024606,-0.205859331943721,-0.11243959295692546,-0.2471557777977072,-0.14878886248808013,0.32528648090961065,0.636151661647357
xxx,2.8204142180736205e-06,2.0,-0.3924878626010887,0.3078417543027948,-0.2780003446655351,0.0285707674307828,0.3656049601224688,-0.08088774378397696,-0.03678324666266848,0.26698196939153734,-0.16034280550449068,-0.10378050505028052,0.24127945885943364,0.1916915614589733,-0.17182597058651145,-0.22937451464609127,-0.24961889528241765,-0.19120598015823662,0.3826131334362825,0.037462730867560405
xxx,6.131263154658506e-05,3.0,-0.34596416815981307,0.36512940427352936,-0.15836435010838454,0.2584852524071409,0.30915355072768763,-0.1652879798080871,-0.3039414580793806,0.364136038773933,-0.2594658058135458,-0.24477703191147981,-0.06140683740999905,0.19528177700060279,-0.04487932132453276,-0.17565143493187563,-0.16640065745414362,0.0010112819546687377,0.230144772074083,0.15670178999773796
xxx,0.0038943039070169316,4.0,-0.4002703410818432,0.23827400921578445,-0.17258054300481004,0.04157279099257783,0.3875265747400851,-0.16575363599853765,0.19160951001644175,0.22417593962122115,-0.08541902691115864,-0.14974589565020002,0.16860287787952458,0.09765196503796661,-0.3312199569913801,0.04006141041259383,-0.32686130456941187,-0.20304273755768404,0.38660503264367335,-0.101753948282425
xxx,0.005983484814498799,4.0,0.35025446696691326,0.205230077088858,0.48433713235604164,0.06357643068349965,-0.17931381175686414,-0.14905285176936095,-0.08806855654575538,0.2004949573713181,0.1758344350990774,-0.05602703495557073,0.2478332652899976,0.07756069055688329,0.042600140988371296,0.2226160653439473,-0.0632129787981023,0.5550320690950802,-0.1507990127403537,-0.08118028508120503
xxx,0.0011965342238611368,4.0,0.23030869863541786,-0.36765645897805976,0.06720475040312154,-0.3068851569619717,-0.1966090491220298,-0.04021695958585296,-0.152907202714313,-0.442972453837949,0.22141599712707258,0.3681485809930876,-0.3056474844969277,-0.25221608080086927,0.07212527979892412,0.26146462498089657,0.0636190826025295,-0.13254728831692772,-0.06333339659132378,-0.11148573776788624
xxx,0.0025978835107953375,5.0,-0.38560770207166517,0.29449500474002777,-0.08778283600854986,0.039638901806821836,0.3104644458876223,-0.0009379092487228567,0.1748425894466497,0.3450127454626764,-0.11764916089993704,-0.15241066726296223,0.18836995381923882,0.11996719862719897,-0.2894542141116524,0.0803939265523835,-0.2954581954508982,0.42622115290028606,0.23131107154883762,-0.09824503775870679
xxx,0.0004529503117002891,5.0,0.2573776132171272,-0.34317570034418865,0.2222410093532803,-0.02145838635364015,-0.22688550281457479,-0.06763976616479635,-0.09328246307238387,-0.36427581855881425,0.22980779383078653,0.14786680761719528,-0.29640119603416193,-0.2385984986061718,0.13971214836215776,0.4387496830333837,0.042149477012111296,0.3279802423572192,-0.1601935002780687,-0.04685662745754044
xxx,-0.00015458974507619533,6.0,-0.2783089236554682,0.20251958735907816,-0.0908261930681637,0.023830565464633077,0.215306156699838,-0.08113076397300274,0.10763501974907265,0.126163715451494,-0.11541131256443476,0.7755407749383153,0.06468055737539158,0.07699907275268748,-0.19759328449085498,0.01667625538140258,-0.20420807241644767,0.2265651812574747,0.17537879023800773,-0.06529782387976003
xxx,1.0215137592896388e-05,6.0,0.27692462017162633,-0.3449045516290231,0.15181795232015866,-0.24259799880338617,-0.15365620593976323,-0.03375195303188569,0.06992857604640146,-0.1801759638047771,0.2577351937922655,0.062449606536042555,-0.04462430169057496,-0.006108998474252737,0.02707589402960052,-0.6874684070018687,0.22824602496265553,-0.17717125328726133,-0.17025047074014754,-0.046639550895407056
xxx,0.00018899438247087534,6.0,0.16708419881159184,-0.017753735006332483,-0.3695121556674409,0.03999417072528671,-0.3404681816768698,0.08231663513904003,0.17621850788300594,0.01638083408261073,-0.3708270901999623,-0.03638851658859846,-0.18422206964237645,-0.13285918241266553,0.47609014450188886,-0.05893331221134253,0.31578529237830194,-0.11015081208419387,-0.38133438205980397,-0.04221836869772946
slasto,0.000995064249804561,2.0,0.17235584550740987,-0.03564769675252066,-0.223553933266689,0.02312052032429609,0.06784302788689613,0.22306914419038934,0.3526263865768312,0.28663442830329366,-0.4092261227021893,-0.15812042493225442,-0.02209344163560766,-0.4885263480856026,-0.14010043281903475,-0.13520450193999156,-0.24399358418974787,0.05468300838762428,0.34347038859413886,0.08733271415175155
slasto,-3.522723461184337e-05,2.0,0.27848864828472764,-0.20414143485487035,-0.2851139373024696,0.013590825471626882,0.11946653804494638,-0.11330835730701096,-0.2092198127068949,-0.10307216235268732,0.09204532386964749,0.1344961409578107,0.1025818779080873,0.1934497421452417,0.5319134066353702,-0.3201999023746468,-0.3181170818868448,-0.19323804996691676,0.3143122543539126,0.14313971752152632
slasto,0.0006375334492072017,2.0,0.36198812930414,0.10072420253830483,0.21610042548280003,-0.027952809218692587,-0.17943093431858936,-0.08266567277507028,0.4610400999074068,0.21739729230833216,-0.065497197516494,0.24376568240604476,-0.12279869666262035,-0.2730750716957277,0.48386420041523537,-0.10158433308756866,0.16254800002533437,-0.13715122800665813,-0.12434363045852792,0.23235995569043852
slasto,0.005080284966813777,2.0,0.1681340433649838,-0.04291161730964932,0.1739753618256032,-0.00821194434079032,-0.3638324025892642,0.3673530402045808,-0.13818218574166888,-0.15029185972850245,0.08974999983271226,-0.5513064577257645,0.032055862822134254,0.1965233213786896,0.2509006194455979,-0.03486588699554859,0.3273875809907855,-0.30260749333451187,-0.038326951275487325,0.12049043458491207
slasto,-0.0002616107549244936,3.0,-0.33834512786314885,0.17543920787562917,0.32425043706424544,0.041497650768939943,-0.12023499445022981,0.22788966251169468,-0.33009738006792333,0.24302574608766692,0.26498351399888315,-0.3014861665881054,0.03657407646538101,0.27256320165222236,-0.015132269584200544,-0.0559140139414073,0.18259105796935995,-0.30454893342733097,0.18738518542424568,0.33491888752421173
slasto,4.377956885233512e-05,3.0,0.054483737586774585,-0.5200013140412856,0.24529229022675966,-0.011133670101206994,-0.3002599676536517,0.258198966468937,-0.06491639259044979,-0.23295396202952948,0.15553447338847645,0.08760253973397404,-0.03334855223498638,0.1324982178696166,-0.14437136341638468,-0.4587257684928812,0.3153467188884845,-0.2086618069694814,-0.1266747727494731,0.10098586735032153
slasto,0.0015592585327495027,4.0,-0.13119746097461613,0.04744842477524508,-0.3287097034072831,-0.020050811972778977,0.30903672208690786,-0.37485228758960243,0.041767482483515896,0.023784554468491658,-0.3826601519858979,-0.12313750133521534,-0.029074393933355872,-0.2573825431292794,-0.29518807702666905,0.0487279649788829,-0.37973507322914773,0.3848789994538186,0.007501061044059563,-0.15223543247551308
slasto,0.00016165389063063136,4.0,-0.3278436957927476,0.2583214596077269,0.13411214097803698,-0.07366900682815629,0.21266975575465505,-0.09534403004308246,-0.4071863392421913,0.44822782505068115,0.14712791537584607,0.12030309832186913,-0.08580962816757769,0.03787546806026895,0.1238547952990145,0.24877279251768572,-0.27932341372499014,0.24682922045726222,0.21662373325276388,-0.2707955840692078
slasto,-0.00035564233758982397,4.0,-0.22070194552832856,-0.04151358102240532,-0.16513357748122923,0.028111193102602818,0.5454197273864344,-0.521096090450778,-0.1096735252981972,0.07811612113240013,-0.17929537518139768,-0.06056593805363719,0.05894503577279814,-0.2740204684980384,-0.29703891656041953,-0.03585172169204988,-0.2896137909180566,-0.02205739341222743,0.1510727396644987,-0.152557527931097
slasto,0.0013485725046591538,6.0,-0.34880517436812564,-0.061598660527522386,-0.10598532662309236,0.06050291888044456,-0.00305811326307557,0.19756861740047663,-0.2337057770505166,0.19368700653884227,-0.09846330129406344,0.6522911603623376,-0.02872692526933551,-0.13777862184799516,-0.1912664548991109,0.166597397557016,-0.19490745339147003,-0.20017082179392198,-0.029999002614811567,-0.36081792886147795
slasto,9.959921493142779e-05,6.0,-0.32826714049837513,0.2331551431613813,0.24958131973521844,-0.029227773754138743,-0.03146866998858142,-0.1906527631606048,-0.014155488182117539,0.3859398042052365,0.22658359345366336,-0.03340756801462707,0.5483946792651023,-0.05349008422382667,-0.09758443889185005,0.04099599439083543,0.06453569858794,0.24922347507411063,-0.18304587523267823,-0.3481452495012607
slasto,-0.0003906936680107796,7.0,-0.3586469928716393,0.11319613827204444,0.3738360105788333,-0.017047511549807763,-0.10053709656826104,-0.012987644290723256,-0.38141305028245936,0.2811650368274053,0.4138391672863993,-0.055038261694163794,0.04638308890935661,0.41653671565135464,0.1700531985713728,0.045241510093198684,0.07107958931721005,0.2673169334099489,-0.01641958770200885,-0.16129934091615045
slasto,0.002129772402240585,7.0,0.15213592783734597,-0.19608137484562016,-0.019262236413638247,-0.28390095916836716,-0.2607559735055847,0.11832319320372386,-0.013073328940281195,-0.5549974767917524,0.16798581065278306,-0.018666674954580974,0.29125356670001623,0.10619321561582769,0.26137363294603844,-0.04410857415106439,0.19741748915901855,-0.08275030986241595,-0.40440716201743226,-0.2508930215903195
slasto,0.0008920804986518381,8.0,-0.3219469607262601,0.09849250275636068,-0.07809950203445994,-0.005617951822242763,0.09255738204545307,0.13752238771611427,-0.3092776374810948,0.3300018247606824,-0.03995035267196846,-0.10152754624555274,0.0806731366209668,0.5842705074956664,-0.16475925400514346,0.12538199306205206,-0.40727896110054124,-0.1266879445609774,0.1426983394454123,-0.20867687119007242
slasto,-0.00030319733839190483,8.0,0.3254937641790859,-0.029057449448547046,0.2936311735319326,-0.05075278095894227,-0.3898940993846592,0.11675761737737149,0.3227926186747048,-0.04687728951963977,0.3634093548626726,-0.0800411054802199,0.03161265193341782,0.28681775588931363,0.29524440533188506,0.0002978389569806359,0.22077721712707413,-0.0962964160038944,-0.35026002443876364,-0.2068050388747622
minestra,2.1160927755838304e-05,1.0,-0.33206897754367065,0.32216561409246325,-0.20537785769840108,-0.1455524113856654,0.09835274688358013,-0.08769191933488843,-0.11630149610672108,0.3566096658123902,-0.2102841828396796,0.13497171054380544,0.09095752342100015,0.30934557764014076,-0.021038652070201294,0.33201781021379423,-0.31795130385475506,-0.40002161442736806,0.13047319949920255,0.0964236838186264
minestra,3.655058116668897e-05,2.0,0.28637770383118366,-0.26488421237096516,0.19281156884261086,0.11504226429434798,-0.17420265015265277,-0.13340319126914132,0.29730372963853896,-0.3098268901536701,0.2723036387420152,-0.11031386955783175,-0.09393959746309288,-0.34496215821514264,0.028952567478668634,-0.2811734407236456,0.31556099321943304,0.2598446330294992,-0.2858793664698167,-0.1484057139372332
minestra,7.067496729989305e-05,3.0,-0.17831945653343356,0.2816813738935452,-0.21266933661669804,-0.13289636209537295,0.15372954548403603,-0.014641922057095856,-0.12340998000880843,0.3006822023368517,-0.25762596805116933,0.04046466550785439,0.038615178815397236,0.2702524399588733,0.3161398985579154,0.36407528179247806,-0.29251821260748,6.59694360021264e-05,0.3959193775230737,0.2813019116293235
minestra,0.0017504190795748522,4.0,-0.14736661319227853,0.2339956055686283,-0.015344454882985147,-0.10401451545937465,-0.03607531587816427,0.19516774466544107,-0.06166643386878528,0.34073739471253056,-0.1133686866232562,0.4789424289941243,0.2463062765844281,0.2006952881521821,0.25355937546935786,0.29222641328273946,-0.16902427410205373,-0.23392380669468305,0.1860752141046475,0.37734891893064143
minestra,0.005429265522784626,4.0,-0.2339241474621397,0.40593715408670805,0.15659459993258737,0.23181632556921786,-0.0765267995954639,0.04470328296869481,-0.10720039316530171,0.3569387184623914,0.016301643884018828,-0.04409813005760611,0.23128651960544808,0.3095494275027653,0.31543496746783667,0.33880927480043255,-0.2989440062362856,-0.15284169235103767,0.27322944621484896,0.04778983885658444
minestra,0.0012661810606131002,4.0,0.22912160742263243,-0.11409248319240572,0.14888701372242447,-0.6485528532319489,-0.08552200847072494,0.12117115454922409,0.12983957632891455,-0.218583082364476,0.15922697971854508,0.07020536230665447,0.003018165598503548,-0.16524708107363595,-0.19333714286253276,-0.33025689667027297,0.2174294315528873,-0.18758490671331632,-0.3296980555075164,-0.09926551997463909
minestra,5.615727317903046e-05,5.0,-0.4130441366453282,0.3400828075743543,0.007258470344189943,0.010989331677017888,0.17904697011833076,-0.0340936384655795,-0.3957484197171235,0.16709028803928272,-0.14506997294227106,0.00165265187924252,0.18375507350179543,0.11492179952981717,0.07964064571062078,0.2988449733542325,-0.2617608318030557,-0.2540057567345545,0.39830464478559885,0.20112789745746773
minestra,0.0005469227200083203,6.0,-0.27473048849356035,0.3570025223373743,0.18259255762574705,-0.04299922956939947,-0.2485269118479072,0.15954102192672132,-0.10355187633220733,0.36661980069227906,0.10159333444507707,-0.05406232395020302,0.2081282686082818,0.21735180820441327,0.11441367175216338,0.2619057102642335,-0.30227980050910197,-0.19602498989045375,0.12271051246970746,0.44630302494198887
minestra,-5.009912753263809e-05,6.0,0.01325516310690357,0.1642922118537105,-0.43475882895258927,-0.05731418312665952,0.48379476337767713,-0.18062868639699933,0.00883614102070628,-8.429983427073362e-05,-0.43392779594895126,0.10086357237602077,-0.23252218490815127,-0.15527922035704525,0.009990239332223193,0.16789517447118166,-0.2416382303718828,-0.33890391660556557,0.10450623641563628,-0.15706684192025278
dan,-7.886217228138691e-06,1.0,0.2245505037260043,0.18120783174881094,-0.4104991623209093,-0.15436162894362704,-0.13577638164631048,0.041865170295097245,0.13104528940459875,0.06474071831322135,-0.368069383531396,0.010353549018163828,-0.1801129308142172,0.10277669301793114,0.2965722016153525,-0.35151690633622584,-0.3932805477186118,0.283362325845866,-0.06396653889141853,-0.2317128970885234
dan,-5.205194123233435e-05,2.0,0.11984193904478654,-0.41776728154043785,-0.23880717791699665,0.402256518720152,-0.10937276435704972,-0.0045747271394817116,-0.00614967703089086,-0.4027114077902109,-0.2982444903873399,-0.11136966222249693,0.12904319929458974,-0.09569541808151909,0.07363740831840304,-0.34082832577093913,-0.3010015423434311,0.2777049285062062,0.00981492436106587,-0.03878356226180625
dan,0.0006691702785347972,3.0,0.17266380205778362,0.24244300108503425,-0.2813783188703688,-0.23900474992643442,-0.1227124955292582,0.07150198449188232,0.3000092371622482,0.32576509358235506,-0.2195876842252246,-0.11159692685386044,-0.21728266129755638,-0.15221741248630813,0.10476190308769663,-0.24419608916473598,-0.23776696271085435,0.4440993969697397,-0.2412548750268872,-0.21257850375438603
dan,0.003222340007330295,3.0,-0.23846600054718833,0.24714627285465385,-0.2520763570117232,-0.2136894575745575,-0.1178252475008532,0.05730770861024229,-0.16235761410533905,0.33343229142582126,-0.20295218551219824,0.6168815036676787,-0.10843459006493847,0.15172708638719887,-0.08915758433448093,-0.2939671748758612,-0.16849614584196254,0.16263346992867977,0.08814701190369634,-0.06822863561150963
dan,-0.0004066584674489216,3.0,0.28972485772959,-0.03018813185954672,-0.20776268032572703,0.03787356716036914,-0.06269207204894647,0.06716810708696616,0.43203537538671993,-0.27221692191798696,-0.2948930188860294,-0.06134877968159894,-0.07059220463146092,0.11707759898766472,0.3227692386912834,-0.33245138822053344,-0.2111518325616943,0.2468567323538988,-0.3879912987468641,-0.1454973880685005
dan,0.0005198676420124567,4.0,0.4206619176735256,0.19731520454904183,-0.16226195879913843,-0.16238268465312417,-0.04786713174980071,-0.027707208829322115,0.46234167540576426,0.11647937040362659,-0.15639321571528503,-0.03814052050987237,-0.0994989062616498,0.13312841433591754,0.4454539109423031,-0.09922546291564438,-0.1281423960591016,0.03782291485499305,-0.4554954038544844,-0.1178483272021666
dan,-0.0007382060967045945,4.0,0.4546314989460633,0.2228310643405481,-0.13292351611968645,-0.24097590805595273,-0.02446793283854611,0.050338323216094404,0.4498714476336918,0.11048618418888059,-0.08253152227192236,-0.09802579374885534,-0.10206235937853371,-0.07290083951259135,0.31200926256677275,-0.16331040988512116,-0.14028302141005414,0.11990813851887012,-0.4712068954002103,-0.1947543651564112
dan,0.0005638591159667182,5.0,0.2472421883861677,0.44304085524011416,-0.12898583953075252,-0.4523426947896393,-0.06420352356215389,0.03834117046592375,0.2960551674590174,0.4779218198748094,-0.072515922220571,0.25059192455497314,-0.14438861359245125,0.14981853699885395,0.22932452453973926,-0.035249810502668316,-0.07484332192832562,0.0888936830709688,-0.12317915406138955,-0.07633634029332938
dan,-0.0004910942687828827,5.0,0.31582211823463713,0.045105644025471237,-0.29705077415927295,-0.05571407129221912,-0.08681462985260517,0.0690987155845657,0.24563933966725823,-0.13892863712638998,-0.5185707787325486,-0.12835688204413737,-0.13154593151322957,0.2620927633160334,0.2105661096104781,-0.31889352123356207,-0.2977156559115145,0.1989046601722144,-0.12745325682761213,-0.23036085472682796
dan,-0.0002032939028060457,5.0,0.024008378899076036,0.01710009611356013,-0.011963037676437754,-0.018762231245595937,-0.0011796715606185722,0.004403148323330027,0.01552364785481493,0.020513494713199174,-0.005254240990590672,-0.010968722769432108,-0.0038982877636370558,0.016278926507239017,0.007908578664833058,-0.018043656250346166,-0.010384898302780015,0.01948034511309658,-0.05026254691293974,0.9970574655777035
dan,0.00043350953229098744,5.0,0.28771485107860306,0.19669866496610577,-0.33718923707430726,-0.17098723788402032,-0.08237566075869418,0.06329343368852164,0.21298850771351496,0.14499832647275604,-0.22799851358464662,-0.13802991732959896,-0.13407577020868175,0.2469626533744197,0.2598584520179139,-0.23010308934125115,-0.3161533358687431,0.48081176525177854,-0.13828037043930505,-0.19412758068477526
dan,0.001381729667085554,5.0,-0.035730410659720734,-0.04007108090420797,-0.21759732609232427,0.09472623588919797,-0.08946844043356411,-0.7401061691377607,-0.060294776233811756,0.043945525664762126,-0.16114717389592162,-0.10191668657825133,0.2879895317159085,-0.3129451149869566,0.019807835004038703,-0.17848493439680183,-0.19746723234211788,0.2675524385883056,0.09786782283875782,-0.0991695078635898
pabluccio,3.369322066701535e-05,1.0,-0.33969496969801316,0.3076445081040299,0.3588070671144262,-0.05256288919457953,-0.12433497300967795,-0.1848766349229262,-0.06022600954712676,0.21740498627009905,0.21029257680236424,0.0030564999354117084,-0.03812597081268659,-0.04303475244296687,-0.3316513955603521,0.29109759641804184,0.2802210298893021,0.19496870500652638,-0.2822900092770093,-0.3455915800930695
pabluccio,0.00018754042980098797,2.0,-0.08060006697366265,0.17024297525352577,-0.02716418320108403,-0.06875217511085903,0.23416120316251582,-0.21033936618900398,-0.39257972294775906,0.34820206488384475,-0.15466418473454618,0.001224519003582704,0.08536824062827336,0.2732752290646808,0.38982165664513296,0.09674201208267125,-0.37327870221766885,-0.07290319030058962,0.397532310814255,0.12134755342439665
pabluccio,-0.0021256702280288034,2.0,0.2289703525970241,-0.28576842019076487,-0.19664904145765436,-0.38667270169459694,-0.009259988147246706,0.21826155560229474,0.09224847027960616,-0.43246204006380334,0.150479938176311,-0.035587669065383895,-0.38395505344980885,-0.22274602574646152,-0.22206921034156313,-0.36646255711857834,0.025271466443350554,-0.03210410987945562,0.10194693028522976,0.13358632804173742
pabluccio,-8.097433615508492e-05,2.0,0.1689379321213634,-0.3406828764738865,-0.2853335153322236,0.12623754627939648,0.0925957694464676,0.1818773951828024,-0.08526832407633604,0.06163900081543354,-0.342173382408993,0.17965743993476532,0.1503481970361819,0.14144906061359636,0.0292770744296187,-0.3325026270292257,-0.32707044331361956,-0.07034411126658281,0.5071178468888757,0.18122290903964633
pabluccio,7.617505343175637e-05,3.0,0.3037024628212346,-0.27202210283954265,-0.1517633354382925,-0.07894202872601257,-0.5803992594504992,0.28338645817526115,0.3897611405558939,-0.3035281551440255,0.02168488597975809,0.016411012446217465,0.1216706691244871,-0.08770040123939259,0.054071275616158994,-0.2433488678911611,0.1361881744438786,-0.02790338039643361,-0.1582656740965219,0.11636013021626554
pabluccio,-0.0001751185969767375,4.0,-0.09703032276404983,-0.16669682513809098,0.126313529871616,0.030416920366075337,-0.10955135462411779,0.0987380988629132,-0.050236985024547855,-0.2303252372723269,0.2505500183755092,-0.19435283770950987,-0.06205100139538033,-0.18552775476780958,-0.4662962301043391,0.4271338393465944,0.46589874483743193,0.09966859369423095,-0.1285490893125559,-0.29390094747948625
pabluccio,0.00031038649199083767,4.0,0.2610854875945993,-0.33922422849471845,-0.2844975441086127,-0.1978870364120187,0.37395596912868834,0.18230718809209634,-0.18730147195918384,-0.2597530912165379,-0.24873620333310834,0.06901132001887972,-0.24850270417174067,-0.005998020268529445,0.14961528396328624,-0.3395835475632079,-0.265852277399982,-0.03758245961106944,0.2438438593948304,0.1528313414923357
SADAX,0.0012435621208695279,1.0,0.035178897477102025,-0.022796663133376735,-0.2083240331753441,0.03408122073217864,0.11467413432832683,-0.06409070964577836,0.13158955324738564,0.26865929814771145,0.07713309329849156,0.6912248976256518,0.12544620623530747,0.16671220220360775,0.10799760361629222,-0.3406129711802994,-0.3083986424980119,-0.0010882443236147014,0.0018125635099774304,-0.31123137162502434
SADAX,-0.00348376753163225,1.0,0.20180078452901962,0.19493672702310472,-0.0012002333846518518,-0.11332696489005976,-0.35685734274403247,-0.20053494133860036,0.4522842263989949,0.21794777694457915,0.30778062768591874,-0.04836111436446049,-0.10744269546287649,0.19680403823366596,0.18702626099482952,-0.091934652826726,-0.17413035043157143,-0.08046694994089951,-0.41625509698415525,-0.29659585588962034
SADAX,-0.0009113326784828373,1.0,0.3151246590364757,0.18075068144301998,-0.32521218211571984,0.03819649998123356,0.09032907865555402,-0.13884536234784847,0.1005748717948115,0.1927115135234439,-0.22161784886852184,-0.09565535417719707,0.11866210063585576,0.20071811531622977,0.46676130976718916,-0.3313770576003194,-0.3619268986583114,-0.16873828056844256,0.17836811796483423,-0.2335051904557728
SADAX,-0.000832565658384248,2.0,0.1278820668836031,0.12213036752848005,-0.2405833165138339,0.02397818991398004,0.18173047656550237,-0.09507650903402695,0.06371389795809473,0.1384984582469004,-0.12430545235094145,-0.06895155583236558,0.06763221463390202,0.13544546026529572,0.2563404452274349,-0.2056088674818566,-0.2881862119260416,0.7538337561318168,0.12404169667512922,-0.16478508130483988
SADAX,-8.751286738365291e-05,2.0,0.01804634970459912,0.27851734546030094,-0.24274535625483615,0.34058342163106,0.21023746978402666,-0.042453588134346056,0.17294794369116254,0.38050039365174804,-0.16707053235982683,-0.13062393725858998,0.26328999781484363,0.22471264368435875,0.38393228387904854,-0.21396172550815845,-0.2981283359831464,-0.0973324107732138,0.1143665985457998,-0.23890665441178638
SADAX,-0.0009234967834476849,3.0,0.17361145746254267,-0.14052959533465081,0.37178685354703456,0.018562304853981828,-0.29969284558255394,0.15575895882113702,0.20505129246000714,-0.20962839435620334,0.412710795483913,-0.01586239175121712,-0.16355142317307908,-0.102707237207628,-0.1862838808245608,0.13945371875145313,0.3302287271264094,0.06484194838948222,-0.43541472932849123,0.2158785726316527
Pa0l0l0,0.0005843613173320114,1.0,0.21241493899317063,0.09767212076819493,0.31784357893947124,0.031610047388586304,-0.051887539701479836,-0.10974068990160374,-0.2246748879318232,0.024863725669322694,0.23446332393134128,-0.042936960588880954,-0.24748509571990218,0.21545372513695432,0.5772961077952337,0.25516306606410616,0.39264076682880084,-0.06425707466253795,-0.043214271613928414,-0.2333579924667634
Pa0l0l0,0.000261861332464616,1.0,0.24521210397745172,0.4285689372281345,0.03420533425679127,-0.12846376579956223,0.011786868452926872,0.08733873217728044,-0.15767654982997817,0.3672269293889972,-0.41805093764739754,-0.00752029701812152,-0.4771043768745438,0.295311223280761,-0.1114100197739174,0.06085126146720129,0.08884963802402619,-0.03256791247121941,0.16548599308171177,0.17007702299950264
Pa0l0l0,0.001475218814224455,2.0,0.3577571239995632,0.36717516751655876,-0.1332784182683587,-0.011735660885973642,-0.11203142286869008,-0.21793899689407145,0.0754980186905802,0.37764427405422674,0.09861817455553949,-0.28274526527847016,-0.37239228543517394,0.3058906663668645,0.20122737901448215,0.16526428960857684,-0.039699492629425875,-0.09312198164792444,-0.2706925267107643,-0.19412700829567353
Pa0l0l0,0.0019357534020785377,2.0,-0.1138573866655866,-0.442891838263044,-0.09686113908511104,0.14993085954825067,-0.13551728199118043,0.631746918718702,0.321376522562459,-0.3337101283049751,0.029640953229792828,0.14010047174979745,0.004493288925147328,-0.1191815367993579,0.08994434684207395,0.0849436586104663,-0.04877868521846498,-0.03957823341737097,-0.1737622467239316,-0.20671687830869642
Pa0l0l0,0.008338865925728666,2.0,0.04432929247203074,-0.05494247861368945,-0.008627194692849538,0.04203345968991916,0.00824856919000945,-0.07009619719917067,-0.06931608588203515,0.09173948889878342,0.06875222666351759,-0.0932523061325079,-0.1994228337258571,-0.9284108333492179,-0.05133883768591622,0.12734186132646155,-0.06659996926426093,-0.06079153274375389,-0.07534372872428245,-0.16484585293525875
Pa0l0l0,-0.00012405146019883306,2.0,-0.22229825362571506,0.22515162944771017,0.32196317422699167,0.008841766064184919,0.3946169158387311,-0.042134910397718515,-0.2138204498252616,0.20838277687928605,0.03963238824666859,-0.15620219475751496,-0.1029893171885824,0.18084033365492566,-0.40919903996009566,0.15523646822925752,0.3755926592362955,-0.05825021975128225,0.3209521666246881,-0.20301729093688364
Pa0l0l0,0.0033809325096618337,3.0,-0.15923490186460315,0.20935014323045198,0.34825617511487594,0.006495019981297574,0.3894681202356702,-0.03172761886831825,-0.23154915046724417,0.2066299569727838,0.011969145828342263,-0.15537396006780363,-0.07716845106199507,0.16047089877911247,-0.3244561247471807,0.187851014876484,0.3843919760362768,-0.3524262754194798,0.27181792813419886,-0.13450934315524246
Pa0l0l0,0.007811860747488236,3.0,0.2864074696347557,0.15829380498178913,-0.10563658056514057,-0.029702788364479586,-0.03353426509938422,-0.13344161539296245,0.14851572240042304,0.24341689359059884,-0.004777582355292749,-0.22780670562956626,-0.23105100075950927,0.19751279020449972,-0.20013823742076386,0.24893623186362773,0.13392074682786972,0.691840404089638,-0.11168566799254576,-0.15887676177903481
Pa0l0l0,0.000885318973670625,3.0,-0.19375939915789142,-0.17859411690872296,-0.07331527488910121,-0.37090967473182135,-0.09671849962961267,0.3235943339138521,0.15609002158936203,-0.2957816262283914,0.012486753197410933,0.17827731875768207,0.15538972329768586,-0.13461732438159077,0.14803059486835254,-0.5153245889011375,-0.34166461203765214,0.053089164946931666,0.2595054713291208,0.11453574669253423
Pa0l0l0,0.002836689274067323,4.0,-0.1969898919611883,0.17739344784882916,0.4599517448845043,-0.0035522654219991667,0.39798522459434155,-0.03659243714752527,-0.23270173084760123,0.14754705643944624,-0.001670935103335537,-0.11899001813923336,-0.03103993402135332,0.13763813933500854,-0.29243672363617007,0.2069964643697522,0.378914214787559,-0.06577865845094183,0.37877681409989183,-0.1693996226257643
Pa0l0l0,0.009519897703653128,4.0,0.643141154008494,0.2461036922642913,-0.42338506042964774,0.05441613844763684,-0.20928548281099665,-0.10397070598172438,0.34282676979384163,0.15204476985430251,0.009679330925653836,-0.04916343865910091,-0.04183547071520488,0.04398724492971896,0.0056344155616745795,0.14981057833588213,-0.20474052806085397,-0.13212243291072726,-0.2197930571070584,-0.10942345934490846
Pa0l0l0,0.0006422977239834492,4.0,0.017388052486121994,-0.35093387456058184,-0.2635395878001196,0.08993214339596162,-0.25545488676887484,0.11464321510873103,0.256829348361175,-0.3850949373993944,0.0016664688082380329,0.19310884899343123,0.20252973641481375,-0.22379944892964232,0.297705488577581,-0.3154791923703318,-0.35729125028459846,0.0862279770234849,-0.21650330201051274,0.088445030363663
Pa0l0l0,0.0016701468558452312,5.0,-0.13761094064005003,0.16701177676058132,0.22585781293765905,-0.03681588561987261,0.18723591229060085,-0.016786099950619842,-0.19872036891382885,0.16588528249160253,-0.17242910305099188,0.3399289107420638,-0.10753142096967429,0.1179605469800217,-0.11326800692243542,0.11919030199395221,0.21787413520555574,0.7078264480284053,0.16485552308705986,-0.15809640412814177
Pa0l0l0,0.005529257573570866,5.0,0.29680108284665585,-0.3007601790691744,-0.14993430843111602,0.09874457875607015,-0.18100064680262098,-0.06140301379652616,0.4835901754072878,-0.14071517543914486,0.5811097964777744,0.11069607954174833,0.08569273807888979,-0.037217275507926265,-0.028757707567545185,-0.251433642193571,-0.13342025519564737,0.08798051695776753,-0.2169387542609406,-0.060905097956511195
Pa0l0l0,-0.000206570318564007,5.0,-0.1551614083438568,0.18396614684851542,0.4306211248584915,0.009182386118731194,0.4229390114178902,-0.05436978876047505,-0.16749646012791555,0.20462426758827656,-0.11535036445488829,-0.13498094947452777,0.01275377186975609,0.10437371240598074,-0.30242904853098995,0.11013195385483476,0.36352447403183125,-0.09370832586015332,0.4204835363629668,-0.20221453961671332
Pa0l0l0,-0.00034679002258688975,6.0,-0.16012732397499257,-0.17468812678069556,-0.37338426674163877,-0.179855060573307,-0.4201948643441562,-0.002843624453082743,0.0018387284966480313,-0.1583702472271883,-0.47375609690082165,0.07977532295874327,-0.14171536717441846,-0.14383572083382673,0.17254583279487445,-0.0867660159197338,-0.2182361259602395,-0.005182793752107142,-0.2790232934463214,0.3688280697487371
peppe,0.00045004597506543024,1.0,0.09196976255336498,0.045396988511365644,-0.10805775714157481,-0.054975743926549414,0.062165103719666465,0.004614415446694616,-0.007026465242008528,0.02668446736243323,-0.14406991397462607,0.9130023739355788,-0.23551601003315284,-0.04100050070824013,0.17643616624426645,0.07812717917093091,0.01476325270468229,-0.12388363386141038,0.06264484508322128,-0.04396897900670231
peppe,2.434758400189436e-05,1.0,-0.4183953978106474,0.42072224768425726,-0.03454569240511856,-0.39930622121190285,-0.07861985173978263,0.08078428106891429,0.0020926451423143424,0.36524802865708983,0.19216513059419513,-0.09101647444802156,0.22426972794547104,-0.01667537946347066,0.043303989046196256,0.23186541354776982,0.2966809552580736,-0.31425802351444676,-0.04427478936597151,-0.03194312584031183
peppe,0.0009472283722367082,2.0,0.15196973433529878,0.17513130693918433,-0.5637944105370655,-0.134869321763145,0.05445564520069817,0.2892436145529125,0.4159691491335414,0.18979568527511814,-0.1614793627123124,-0.1923016247202788,-0.3075293312506373,0.18595357256173906,0.015696269922800044,0.3177176329734158,-0.05162358662156263,-0.049394115849678885,0.04469635323573929,0.11831486844788404
peppe,0.00010335008498612299,2.0,-0.2934552718029088,0.30423948095011577,-0.2952163285486523,-0.3162352499609077,-0.04051255775327511,-0.07250696084267537,0.1143268512300719,0.400552877474195,0.08444369419637754,-0.26406426961981677,0.2146486744927991,0.13850632149344755,0.00011141287557736163,0.380379205996649,0.23640659343954631,-0.3290387569297538,-0.03281463782721381,-0.04140893273193287
peppe,0.000781811700187153,3.0,0.2016541383276414,0.028246254439578622,-0.2580950281813329,-0.08374560155292637,0.0714212334953672,0.28098230899441,0.29290323184908945,0.19711504597953503,-0.19519823028107522,-0.169979896318654,-0.3782921321110541,0.17475332862651163,-0.03517007933155846,-0.00803574363694692,-0.002977465599558331,0.5244608633642727,-0.025985532649630393,0.3981566245930084
peppe,0.00449527280204294,3.0,-0.2167096436520065,0.25396052654823775,0.17948613204178102,-0.24614292878901334,0.21757803354396993,0.10652156771454985,-0.4020758199500747,0.3666233074103526,0.2134302471434156,-0.09546990042397496,0.22150936365448623,0.16937404576295884,-0.28624861748304165,0.16644927068810383,0.26799986900556055,-0.0916857947706609,-0.1476082537720635,0.31127436261093494
peppe,0.003352050830028164,3.0,0.1898216470167723,-0.18530968419472704,-0.11771437366373488,0.15383609918932356,-0.6616653709803059,0.060136505626714694,0.3061668199148907,-0.23410474594636163,-0.16680974133593096,-0.022771718762188805,-0.08512213655786233,-0.08220141298585036,0.3644584718144941,-0.19807760599309238,-0.2684733414155749,0.12479562141080856,0.005200255801944731,0.007395675418168511
peppe,-0.035294127113901924,3.0,-0.23713658823023953,0.17608803953761468,0.10847230693457507,-0.13539072320475892,-0.10885676987482827,-0.07254455177511288,-0.3122527556292809,0.18697142245106313,0.4067591226109738,0.01185574624287093,0.11583626573362818,0.016699241770230588,-0.4659672683864835,0.02203961705247433,0.06393546700756007,0.04397110032775601,0.5686702657759231,-0.08234674620064061
peppe,0.0008147692291461623,3.0,0.28644009538873566,-0.15011175388138598,-0.380684297296941,0.109962196870276,0.15851465667607145,-0.11082337496240674,0.31638659296352983,-0.05886938369302081,-0.2814718011407931,-0.01961925167427238,-0.23250085942100343,0.05377667824634758,0.4471936627044928,0.10261603602297323,-0.41170584868619575,-0.10568256610960196,0.18263982416935626,0.19060851857562752
bigw,0.0001921145835016504,1.0,-0.20007127393199559,0.16497100630609407,-0.4363871474174024,0.11387233388384814,0.16767271528401395,0.1712064573629129,0.08964872796375568,0.1084053610097832,0.06729461903075419,-0.10624041469218864,0.10010160874459868,0.04166021435574118,-0.48792668277216555,-0.10436732757190029,-0.40175891737120933,-0.45179865749222164,0.00945511989539682,-0.0999142464363584
bigw,0.00011804410591325237,1.0,0.050354818827152606,-0.17374332158286143,-0.15495827686140504,0.07959552581111165,0.17169938278755037,0.10347271894651054,-0.11748901232634298,-0.2704980500767855,-0.21914579279322793,-0.1539161513042247,0.04301818455506251,-0.2487968212309704,-0.13801389833624622,-0.4817193112888683,-0.13934637489936016,-0.3162498633810523,-0.2433801275927554,0.4945077370644014
bigw,0.0018166214355229081,2.0,0.27779945278462376,0.2543394762033485,-0.06494596236595178,0.07994738467652979,-0.36359281071091476,-0.2307764459063063,0.06584105585990536,0.3178251956068836,0.2851390994301538,0.4237565513690647,-0.00806083797073359,0.24039822908153113,0.263814088846211,0.14754112765167926,0.18676318136861642,0.2084049471689845,0.2521752090422529,-0.0687169894859362
bigw,0.0006143244069995617,2.0,-0.30640759546611784,-0.28805553994309097,0.10993511728300524,0.04158518868406685,0.45453935455147904,0.38615734732936,-0.23833541077741197,-0.3177397275148894,-0.1807705728826361,-0.2529240942922392,0.2767269466771536,-0.11408974312933771,-0.1277621148884684,0.12257096457907803,-0.05336005412849548,0.18697885661546373,-0.07994319715702153,-0.18452245632464306
bigw,0.0001830588612268935,3.0,0.33614487248626423,0.27678022658923784,-0.0722717812840782,0.1296037761741986,-0.32894121392993997,-0.14332095983235152,0.1528381324954346,0.29084168814027395,0.5002919609702867,0.20376775509713524,-0.19291660426414806,0.07463264194745106,0.019623802898398632,-0.1258404265488555,-0.09349940920973027,-0.13915901075986808,0.39085360159157334,0.14139439064069084
bigw,7.342615642976362e-05,4.0,0.16324083285367028,-0.031189719081103184,0.04214700270702988,-0.1920654430081018,-0.2338106702986369,-0.05843089705479531,0.19298754020238879,-0.22001533698959597,-0.031661509640640954,0.3516574980376441,0.45163658324704486,-0.05375095411966278,-0.19419747555199468,-0.3508843440430876,-0.11016009358550465,-0.293401831327363,-0.3370667493586779,0.2928907935211325
bigw,-0.0005667335754066712,4.0,0.09493674744980367,0.43139459163819804,-0.1642164550980128,0.5445434847428058,-0.23531926934988268,0.1381383109734268,0.16981911557223725,0.36770046951705415,0.014479272215109733,-0.1701445753717458,0.047525655443474056,0.25884410657758145,0.014981277056915421,-0.16582075689594117,0.15123657782853914,-0.1874583394061655,-0.17817569349273352,0.16429575161946858
bigw,0.0015017760916353974,5.0,0.1403791471548301,0.3766022986220353,-0.14891157743581315,0.0990564553494929,-0.26536963661772184,-0.08385670963758989,0.07906635115441399,0.2672936812599981,0.014044367531764206,-0.27694872874941207,-0.4062913463102289,0.2392999719596893,0.2613218099347849,0.19502448306336465,0.24752040367263703,0.2581788414849632,0.31815329013483007,-0.12893555633610096
bigw,0.00023615419451726403,5.0,-0.07581176182315001,-0.41341400090730784,0.18623537363060907,-0.5166846745908247,0.1885631318014048,0.04666540569147319,-0.18615310966717016,-0.32014712503431236,-0.05367914556121797,-0.011553070723418492,-0.010386183469467517,-0.4346978523666831,0.07462394505793257,0.20655862130106517,-0.017317413964390446,0.1871982782264702,0.19367871851932608,-0.18340977460340865
bigw,0.0006276916791758125,7.0,0.06940435178036743,0.29899500227449116,-0.04747121715380695,0.13293154154256207,0.07163866735711531,0.28012423031855843,-0.014884292031082507,0.2697456459278729,0.10741194179919211,-0.1841158857178004,0.2824637841659761,0.2855219289126318,0.2760502062992297,0.29951231897014025,0.3386339974290916,0.2543983469354039,0.32514322757520714,-0.2674121567846326
bigw,0.0012649336740376948,7.0,-0.35258186191955837,0.1668591138260198,0.03752327165751454,0.13023711256539253,0.25389037767986133,0.26920664755217893,-0.23771115610389051,0.15484778821621947,-0.10378190425914981,-0.06944387090222005,-0.3445462695260525,-0.07282635916582432,0.2904825233247056,0.29238216275189066,0.26947033417687327,0.24878515034646145,0.32519404852898803,-0.24964282320972012
bigw,0.0004656980429096119,7.0,-0.2522119343064425,-0.30161217735539037,-0.16046325903415307,-0.3284339642368281,0.1205490962833318,-0.2422115368523062,-0.4632280013714562,-0.33405269841135304,-0.46367437705842063,-0.2062144934040026,0.060370116141306204,-0.15229669227983567,0.12706634903276678,-0.061357277051838834,0.047635132427415176,0.06800622923489816,0.032958282659628926,-0.013566721865332351
bigw,-0.0013155104371351787,7.0,-0.2687363823331067,0.14708712809062063,0.4587616368904603,0.05125670785352286,-0.030782278951464948,0.08554219832730495,0.27119847905731326,0.09012515913785138,0.20171387401696433,0.07664230120254706,0.05590652889612234,0.08524332647678093,-0.44104838335558344,-0.042103575723737185,0.5819035277093738,-0.02146355689025386,-0.09889056957417452,0.03190363790923642
qwe,0.0003889539538204726,1.0,-0.06222813824342857,-0.0657785979914447,-0.043393561082916296,0.044991797794025686,0.0200073144404879,-0.2183518582966992,-0.18587486183214397,0.23977331287134046,0.1381246805730747,0.4214661280349464,0.2913931025420461,0.30274340202705874,-0.025097288231954926,0.15570156033563926,-0.15037424523798482,0.5998741449112767,0.1096080894649006,-0.23484297054388767
qwe,2.145288335754476e-05,1.0,-0.11000488985692211,0.22013957390541516,-0.29900221594201737,-0.05856078659657738,0.09140310218293839,-0.15888608611568306,0.04829702640572639,0.26185540798510165,-0.24873534574685519,-0.027966101820925886,-0.24612154531634875,0.20174921089214484,0.17103513252340352,0.08481900157530986,0.33946045335839997,0.6111719689093245,0.156216089189918,-0.16899814531901175
qwe,-0.00048209122163538423,2.0,0.08165993787205544,0.06310861696699754,0.00010731094912825746,-0.04696116287363045,0.39263062458477466,-0.3942759336271861,0.13680160236702754,-0.20961624470692897,0.059235614758905326,-0.23452929884320764,0.33696199220842454,-0.24081810335502513,-0.21027148158109674,-0.025500800520421127,-0.2893358728834944,-0.40029693591470616,-0.1969537493628274,0.23920698867855641
qwe,0.001635411932133142,2.0,-0.0036284877344868777,0.10740211212999387,-0.6169208898004754,-0.022085487765043363,0.23538087707289182,0.019422930426940484,0.1050811757182651,0.2604709667495795,-0.41132605379627757,-0.19539480878580937,-0.20638685018571376,0.08266093728780693,0.022725834686045197,0.0012041686668364951,-0.01825563368411962,-0.12326181210288431,0.23311376419562677,-0.381471601008691
qwe,0.00032321239861587075,2.0,-0.025073866579864844,-0.22524825093410358,0.1059167472445815,-0.6736670015127747,0.1548098493544992,-0.19869432795706685,-0.16943579974014183,-0.23789606340713038,-0.1782886113013037,-0.18436019317827,0.20339968575675713,-0.3234748097781339,-0.022240592529036478,-0.1052062358099263,-0.0068038650786321694,-0.06512249291862893,0.18857786250322459,0.2676670606913059
qwe,5.814386660346187e-05,2.0,-0.4049677150145064,0.338814644090766,0.4036921632777551,-0.03347413426033719,0.04439204876078535,0.08606594260741526,-0.05529910375129735,0.2509903787131346,0.35280093297974313,0.20201591755648562,0.10157414197635702,0.09799409732278556,-0.41893992431147803,0.2253537873525688,0.21172568458051932,-0.026844311335309793,0.060215329501345824,0.14497381841425167
qwe,0.00034717254456009193,3.0,0.15754908995777733,-0.0187310686659955,-0.34058836484702165,-0.01117819977759495,-0.04758359671151592,-0.2549355167686753,0.09330686292498987,0.20754222343594153,-0.02220698297334211,0.18099102976179612,0.3489059546180759,-0.31904656904473194,0.039242963476206406,-0.16175092167251204,-0.5059219057854463,0.10417032073967773,0.23591266523069726,-0.3643106024611419
qwe,0.002379675032366274,3.0,0.24863688126141836,0.006816271544086483,-0.3717979605498657,-0.02269159100976276,0.2869625231812334,0.017924984948620097,0.44419347532224485,0.17606370337890104,-0.2109700597238639,-0.2604051151055706,-0.09905711176414424,0.026657577369774282,0.22655992360206392,0.13374573659220979,-0.1710801437463499,-0.1423767512576898,0.32211664945944557,-0.37822136680589075
qwe,-1.0114519100582382e-05,3.0,0.21705966371827162,-0.19599205026976008,-0.140393486628175,-0.10342875259614041,0.18901908015202643,0.13731738833852503,-0.1874832104878846,-0.2670514209301756,-0.1811239959202713,-0.24376403693427678,0.3062473686253624,-0.4793634857932944,0.1119590229479948,0.10774101342377579,-0.303503371310414,-0.12606637053604863,0.2894710974887695,-0.30210360155955246
qwe,0.0008046036314999542,3.0,0.18716305002352027,-0.10868787915926836,-0.167372603511027,-0.48077734365179486,0.10179603543270406,-0.25679553731216087,-0.25739194211944083,-0.2937081508236491,-0.3503822745995895,-0.4344814879846428,0.0036741996154510685,-0.3037931184487137,0.19659533773539717,0.044731122255276236,-0.10512684101150488,0.03304879429629235,0.008964711659852007,-0.09194847753281624
qwe,0.005464755162830964,3.0,-0.2891380200767226,-0.043006058822587144,-0.05817856253808555,0.014688240183080977,0.22099000501370342,0.07761656262899547,0.02752579199768768,-0.12879274435263813,-0.06047654213718579,-0.3209436837142518,0.2019452189126288,-0.16232490354826173,-0.391485613040519,-0.0023654197145450613,-0.4644415496126339,-0.4550542418185662,0.2743098476977768,0.11686208274872431
qwe,0.0003221609205040544,4.0,0.34229676941444537,-0.038040340959197616,0.10040558502040196,-0.09636842870127342,-0.06191636991364397,-0.05569705074526207,0.20900068312886533,0.05764341397405326,-0.04977973071445733,0.05430072376794754,-0.1197552194947111,0.07963022002983149,0.5720628671518029,0.16926364755211987,0.5418944931048689,0.01273105322178585,-0.2705507226099664,-0.24300916760843463
qwe,0.0009745955795514149,4.0,0.1234439385054076,-0.34613771636697044,0.1908384134442706,-0.687226531338056,0.08877757546723611,-0.08282390035168034,-0.0016457898530346366,-0.3739327034047215,-0.08093561935043186,-0.15096026888578962,0.22765226545942782,-0.25319872059167303,0.17342718587691683,0.0009237185013206033,0.07502720940426298,-0.05881552216476745,0.0600073602887759,0.11678716442483524
qwe,0.00043738708506602136,4.0,-0.22087555092399816,0.5988863648910492,-0.12593243194157502,-0.0724647768766192,0.16170390008018343,-0.0555742983421687,-0.022475182026074878,0.38899985895150097,0.11089231398266537,0.12276606866659438,-0.005344434998823449,0.19497050841182695,-0.11380981777495981,0.5195733981060449,-0.03180580970710278,-0.030606257023192383,0.13457460431715093,-0.1483164566715396
qwe,0.0001437475397658769,4.0,0.40444237238100045,-0.08399578175918654,0.0762969003652633,0.07582989175831861,-0.38235443235257205,-0.00786462245361103,0.26908339515375035,-0.0787015753513235,-0.21194209051589383,-0.14542548124554164,-0.33595345334086496,0.22039999464467153,0.30532882045024434,-0.055167416273141055,0.3052344343360756,0.05133391142731196,-0.38876344162506843,0.14907995753354286
qwe,-0.00037603162423414303,6.0,0.13500260982380977,0.03616238355315882,-0.2360636925373956,-0.015043237458256144,-0.12454674480603109,-0.4566560862158596,0.24789001363630098,-0.18186742314600332,-0.14444254460373268,0.2779324163529526,0.14233826182549686,-0.31485547057351815,-0.18299924787881433,-0.10654572564545803,-0.42543206589673455,0.11763251439512334,-0.05261259560757199,0.38209873414552986
qwe,0.0001913493845176507,6.0,0.15072585393552948,0.005872296817486133,-0.1053997846585156,-0.002785578543549749,0.04983010613860944,-0.38423333395098497,0.6730659257057977,0.131106403263702,-0.24829023218752055,-0.02438959414230497,-0.36878199089741226,0.3769562689027034,0.06488317193729552,-0.009864764993182396,0.023538143106085204,0.007101851623969292,0.005498401710314919,0.022902088257796903
qwe,-6.900891496424719e-05,6.0,-0.11620927355670879,-0.16872913029747044,-0.24742931429763929,0.0869493490697124,0.17373140320366026,-0.037424975895230084,-0.44224190713630357,-0.3611920628003436,-0.0903986277154493,-0.15831403084123558,-0.2173868800125403,-0.035513207963454564,-0.1613761224545024,-0.3920994895855831,-0.30473103250919203,-0.11017382812253039,-0.2909959868019649,0.28356286987949875
ocran,0.0016041725893334868,1.0,-0.09278629429008237,0.26638458311447033,-0.21606780619762464,0.14423651553514352,0.17757509868710605,-0.040628725802277034,0.18371889293402022,0.1605167430762594,-0.0958482566884909,-0.12388412230929291,0.078688976435216,-0.3476096322168832,-0.40863170418371225,0.4106955527703031,-0.11194243513207468,-0.4752885669128763,0.07033247392250047,0.17219858590452025
ocran,0.00019740721530758665,1.0,-0.2686527413784541,0.2560413477310155,0.19852313631836743,0.17216948166443827,-0.12586177473112328,0.07327020855164611,-0.21334855927466823,0.30405062764298607,-0.02587933144027106,-0.14466767350838672,0.33966756116969643,0.5716533177975153,0.01648957959208425,0.15624259178646763,0.3457485370829002,0.014914262597182648,-0.031207794045352066,0.15766596128228247
ocran,0.0006944638596835625,1.0,0.1391197706670658,-0.22270852743617464,-0.04457633702040641,-0.3232856347987322,-0.06985962936030563,0.09872271260585037,0.029233908727387185,-0.3234387322723581,0.07179194197556017,0.20613291495571065,-0.30124006328757574,0.06870590615620442,-0.3124454090721688,-0.3069536598496329,0.07253126011054016,0.2667296378960365,-0.3277468480201126,-0.43090030330282963
ocran,-0.001961346941097336,2.0,0.05365590618952105,-0.3025410002987279,0.28446342317942486,-0.12043580535162982,-0.1944213336993604,0.011980877172282673,-0.057823413810796226,-0.1938844777659817,0.18128112910057417,0.09531292940372381,-0.16582389723855878,0.022533085573954822,-0.20099879042710603,-0.3976025373235256,0.40081496424372404,0.49678263356977237,-0.15320508635540292,-0.17868803146820775
ocran,-0.00037592064247343016,2.0,-0.04564763567771362,0.350838551274286,-0.31118404084172596,0.2939181527966464,0.3367248675453211,-0.042716524970847936,0.07553243760216562,0.30599679977578886,-0.3714004646989589,-0.21245575137242326,0.24020688825937672,-0.10495265386832021,0.266007625982821,0.09227408294306257,-0.3358062225096642,-0.1809121060140442,0.021768122984489685,-0.004909575814148787
ocran,-0.0006331231529600703,3.0,0.5082535631058352,0.12480860404295535,0.20933085605933005,0.060795456704325845,-0.35526895599507496,0.26354439138175945,0.37491297997100254,0.005316305508305093,0.434757502026603,-0.0049097273722274164,-0.11744698938857442,-0.061233460261462744,-0.0388707789005251,0.17989597758961456,0.2629833988829766,-0.10599129121846189,-0.14228062571883815,0.03511023482307456
grims,5.0322767064800055e-05,1.0,0.1315994577582631,0.15012262937290788,0.2717110677325903,0.07069349815927863,0.047377162365813096,0.008542692278855483,0.025504989251048726,0.22620949831107953,0.016615640526203495,0.01689822641813985,-0.2673862373934055,0.33175041815859596,-0.05062110124813582,0.44648142599378304,0.2952016029013975,-0.35728953350047027,-0.21573888720951576,-0.42639757912015125
grims,-0.004349161977396967,2.0,-0.012317162878844877,-0.1801929592987088,-0.3406521770320765,-0.028901017246537913,-0.10356080661648599,0.21327286974409299,0.12387006841037382,-0.22871616900047217,-0.1946485923143357,-0.6459600651839411,-0.11644634232768523,-0.10390149932972705,0.13818860324774182,-0.29121946807333754,-0.08557495871805222,0.2221970041781114,0.039927529077614564,0.29143294596549757
grims,0.008052714398807642,2.0,0.34701448709987176,0.39188710946900873,0.30193773171511734,0.022186586380454117,-0.03277702291354057,-0.11732662802824072,0.14511057608427758,0.37179120079904276,0.1719695878062177,-0.09422042780986152,-0.1391168004784795,0.2276576366240266,-0.1488472615560893,0.2559003900529395,0.1453490723106435,-0.34655654290859456,-0.19286458274953514,-0.2907294056278212
grims,0.0016683860893584202,2.0,0.17015857175048368,-0.26532750132624183,-0.10623752719773329,-0.24441490729665066,-0.2744779750822494,0.264320850940704,0.2969424576407761,-0.24484477451649767,-0.02434522173863944,-0.07678448901273495,-0.14199760900382205,-0.11762588482709839,0.28755006383288845,-0.2834421469966322,0.3099321271255121,0.425558130248869,-0.1877873335899801,0.14269171340894077
grims,0.0032741849839038784,3.0,-0.17297997383445113,0.31720918677102505,0.17147460046288088,0.039653780297265066,0.23078469784546243,-0.1668003594838165,-0.28387320059432336,0.2576293939722018,0.13263913851894935,0.28701551447065976,0.22757846779737345,0.1100438863125653,-0.26757664902503303,0.2921512500571683,-0.28946387332423695,-0.2331072539731975,0.1819900568670119,-0.344047204735723
grims,0.015368095967662587,3.0,-0.2846228783352271,0.11494257886055768,-0.24597434053609799,-0.17806314964120842,0.2503479202616466,-0.2523858898238436,-0.22146897492630335,0.20335184866461292,0.148296140069726,-0.06526140603187518,-0.108073189959049,0.40644616157270047,-0.22752732366813957,-0.20177030730849668,-0.3940400087373031,-0.10747632823154542,0.30509305085030863,0.20318825585436304
grims,0.0016311889453519707,3.0,0.22138718675256594,-0.2209130051321636,0.035552994249725176,-0.12868231794039303,-0.368110879916031,0.3019501530472372,0.388459537935175,-0.2383799124974382,-0.07026738578283391,-0.007461596583425932,-0.23043079363002475,-0.10040847378615486,0.2995186797233969,-0.1721522395484538,0.41651468662896723,0.21250761661269085,-0.18693132742866814,0.09406473556705482
grims,0.003536109498448338,4.0,-0.3810494450388017,0.0867786393928085,0.07665461518885563,0.025092034910148442,0.235664502287796,-0.27546659231556975,-0.3717792376935728,0.13937393007430757,0.07768493884481194,0.289955134154805,0.2438442454771784,0.07326625892858646,-0.37936692865777416,0.10161945392706868,-0.32344429054777574,-0.0745827314733344,0.26547103314006787,0.2487255922101949
grims,-0.00016946428293767478,4.0,0.18658426736747138,0.30757259355169175,0.17903687070501872,0.2602236014680022,-0.09825548227690292,0.010278757621862972,0.030811301184006337,0.353723540601393,-0.2730990887714554,0.04046164087176104,-0.20700527885513859,0.19565717018833095,0.15565089834636683,0.44285868025296427,-0.021584395868212602,-0.26945518909020244,-0.36529425408156924,-0.22532055956602884
grims,0.0005197482450569335,4.0,-0.38302458835735853,0.2117547769307213,0.10955067864435171,0.018908855968179667,0.31242186699166247,-0.28947526969691695,-0.3928087370458721,0.15568174676518778,0.10461599159926346,-0.08829790480099373,0.25103653499971856,0.04684935644670967,-0.2574958584768696,0.07171073789007035,-0.33139686677754904,-0.09872230566026076,0.36769377573797934,0.16119507344109024
grims,0.00010548354470308191,5.0,-0.2780510090629461,0.28713962447487457,0.13514879368236385,0.1281424742795016,0.3374030281619939,-0.3075423757271451,-0.3885161455810281,0.2615106159675298,0.08037783822171037,0.12407062505036927,0.21261579547126133,0.14966438998338188,-0.2710934742875665,0.10274063311232923,-0.32009408728717187,-0.11469846833619726,0.2783480709208054,0.10581646337504842
grims,0.00045917378551084637,6.0,-0.25911505397530427,0.06197919661584428,0.4314008953784115,-0.030403223815385204,0.3569312005109315,-0.14533040351087562,-0.18926593694938057,0.027612388387586825,0.42920585317225124,0.03385419096248952,0.264753850823298,0.044363002067927954,-0.36928349716632985,0.21174003320521495,0.13278435105559233,-0.0853236327721925,0.267849143614883,-0.14695737981336598grims2,-0.0003532277380559103,1.0,-0.06200326696051984,-0.19566957016188527,-0.061906949543708865,-0.06522909428276616,-0.058411204192266024,0.035543608286709216,0.06926720262942257,-0.19801530848055948,-0.01662543543283006,-0.05390023951771276,0.004639394166450952,-0.16201620493610203,0.04297978367669586,-0.4838377805392743,0.06399637085455606,0.549444723877888,0.20397396090053663,0.5367582252628209
grims2,0.004724572550620722,2.0,-0.3385806418141889,0.17303448534562516,0.23023035059448707,0.0133044282287684,0.22147364320865168,-0.2191372971390023,-0.30195517002101807,0.10119413523192321,0.20629755747267361,0.26187326575572567,0.2491879586406737,0.037811299536887964,-0.31390200772485793,0.27299382053833765,-0.27801636428813414,-0.1729399697948867,0.2739597698319286,0.2716142113098866
grims2,-0.00038915776063684626,2.0,0.11195183375872854,-0.24357144101818995,-0.26186262273395405,0.15712587299110004,-0.08503841533371634,-0.05067406041267496,0.15691262811457224,-0.3167594444479189,-0.16219531568340434,-0.03425396672487339,0.18022926880624862,-0.4822519382944589,0.2259424446958411,-0.01036008983181851,0.16055890055977035,0.21054167711315003,-0.3054325438595421,-0.4393610849123223
grims2,0.004573380093579869,2.0,-0.0582874401414226,-0.4459127409084308,-0.21110215332961482,0.23422908209034313,0.02608767044605858,0.4110184325608059,0.239422629053921,-0.3646566111309709,0.2797607819122218,-0.12161678265839898,-0.055416425240970055,0.010110929466463973,-0.04230271917552904,0.13607476107259092,0.3800051003651268,0.03308939736964138,0.020939286541173503,0.2755895772459632
grims2,-0.0029609963492145982,2.0,-0.34209161541639327,0.15612127303006673,0.1648662938839079,0.014436734914635036,0.3192345118702996,-0.2805263347854083,-0.31544347067357587,0.10143473218652976,0.23320840607102516,-0.07321490612161605,0.2432629463468377,0.019794752169119054,-0.31148554220624236,0.25632616465194735,-0.33166162321989695,-0.22419752033993265,0.29080396454930807,0.11806077284445098
grims2,2.1281483975492842e-05,3.0,-0.26071030307259063,0.2502988010901508,0.282358852662031,0.0005984838715267706,0.3290729156084901,-0.270235830351199,-0.3240883113024607,0.21683203203268464,0.28137217127098463,0.12577190363079002,0.2324712676238765,0.09902549286282905,-0.33918270719210986,0.19834887225050754,-0.20154400966635333,-0.19284958369260735,0.25493500544587616,0.016131242740126263
grims2,-2.0588551268644008e-05,4.0,-0.20645934688745912,0.2622994405918343,0.27344589323224594,-0.053417570860586405,0.2509263164778333,-0.29881187694590355,-0.31012709432451496,0.28129360120986674,0.19452932737253703,0.2002419577510767,0.15822676381057868,0.19732396988581466,-0.2928586095618284,0.19993569056230878,-0.281956578511968,-0.2554618541542587,0.264932352922268,0.02809203305788799
grims2,2.7862066740523283e-05,5.0,-0.26170325188539806,0.22468632367523544,0.2430722135347704,0.09105756615250382,0.3178755743265292,-0.3031463499956557,-0.34238961773322885,0.2109918783727393,0.2339183704788202,0.1244089124319662,0.2657426635031169,0.09989433657929978,-0.2944829399572079,0.1925319496452261,-0.2802770972637206,-0.17827496877669374,0.26846749429316624,0.04434953436530568
grims2,-2.3752396482973337e-05,6.0,-0.2588748084793758,0.27675217395224394,0.27279227073249723,0.10766684942946704,0.35243187353722977,-0.2670973992821461,-0.3354549837255717,0.2270752107067645,0.2860137107780773,0.04865088218408035,0.2558961504596484,0.0928209074583341,-0.32919890743239966,0.2017327945241692,-0.20949983580303574,-0.12738888595179534,0.20656371593313708,0.024855978742947538
grims2,-9.508911378205066e-05,7.0,-0.35673879964305505,0.16152290938195635,0.2758477309503174,-0.015008420144789085,0.27274942351248754,-0.10918536122432314,-0.2811898066285856,0.08993111281028572,0.29128406385241484,0.031185538954751218,0.3991665234088007,0.21368950775809264,-0.3296474841541522,0.1986147393716934,-0.12648278034193744,0.026904402774106193,0.3086368310029207,-0.21436365432290366
grims2,0.003127652844746264,8.0,-0.23223070545668495,0.2871233412360289,0.30203204967799874,-0.0006451308044327036,0.20202699530106122,-0.1868442743326499,-0.23510463909752627,0.19678240280925502,0.19763610887649455,0.31953745216841345,0.16646936023306555,0.12750365009532333,-0.2810712654237401,0.3193410417955701,0.11141223221857012,0.0846027086970982,0.12010428686885852,-0.45008173898197557
grims2,0.0009201616299355183,8.0,0.2268161200427167,-0.2628891758562605,-0.22984737692868298,-0.09782551344615512,-0.3460280126185447,0.2511201800930551,0.2742447877678423,-0.22658933116745653,-0.30779611732447365,-0.017521017792732813,-0.19991453242975263,-0.1467328102363838,0.3564388355735732,-0.2258214787464026,0.1740574296123634,0.2674628121476555,-0.24864504412917335,-0.09722120116772094
grims2,8.001379722826438e-06,9.0,-0.23556003193610184,0.30857876085117175,0.19899297088217927,0.10565524109065481,0.28143096407091,-0.2811136114582424,-0.339269756643272,0.30718531087615875,0.16047869206986326,0.10400380293474379,0.20785382654834295,0.16247391711245368,-0.30076811962738825,0.28452760514639786,-0.27476716443478494,-0.20686236857733198,0.18622182437310253,0.0166776401566391
grims2,0.002616367144026784,10.0,-0.30683047838309574,0.21953806098110074,0.31393072053573184,0.07716060453864979,0.24262335420184905,-0.26463293022772244,-0.29996478323744935,0.2247385546104265,0.1986625000545493,0.3336338075813607,0.16237415238971795,0.2455883011557018,-0.2667952511704419,0.17490673247269525,-0.1806041058485572,-0.14765831069673102,0.2999517392045745,-0.012151131737015404
grims2,0.0023707916436696425,10.0,0.039754178856291796,-0.3856467490764362,-0.03324043116576074,-0.006065440135904928,-0.09651629818136329,0.03432882772740985,0.30411475051230336,-0.38700861837435085,0.3083032975376219,-0.11610794585287547,-0.12318235884557815,-0.101979179542792,0.12919221370727774,-0.3554040095322487,0.4735809955701223,0.28870122921212865,0.0634557151778348,0.08388628033670648
grims2,-0.0020959389585408156,10.0,0.11160830167309585,0.053368923488393394,-0.5242349770179614,0.014690651128323873,-0.2984045321917943,0.09705964015730445,-0.005903156210851244,0.028357909348389602,-0.47803786890006156,-0.04829053465945911,-0.25804663620885904,-0.04231085124119937,0.21813506517280412,-0.06380687079854902,-0.44177644338961913,-0.005698685878137882,-0.24713040170163983,0.056527405186859135
