Username,Adjective,LogNumber,1,2,3,4,5,6,7,8,9
grims2,-0.0005227312195155299,1.0,-0.05577819416829677,-0.03159504208744057,0.000372934599184621,-0.05095617171369085,0.033558872536655016,-0.18456515709450166,0.6600291337071692,0.28771976274337685,0.6630854104112812
grims2,-0.00014969148325274752,2.0,0.013685789045636568,-0.38747695298060536,0.3519116439945128,-0.15610633616758807,-0.3385130333056814,-0.05393101119560723,0.21559420875690247,-0.4798448289066015,-0.5542849144187141
grims2,-1.618105934864426e-05,3.0,0.006723937930895898,-0.5329126100901739,0.4658233359540324,-0.23016286258033158,-0.37962992676310875,-0.13972930557010943,0.3146102010107625,-0.4275317887624156,-0.02421664558462677
grims2,3.3071730912325255e-05,4.0,0.0712949725076958,-0.37668154563377143,0.49076568012048255,-0.3588041329663019,-0.2191064720527791,-0.32977669849497365,0.3991273549982639,-0.4056542492744151,-0.05308812511571732
grims2,0.002417409919027485,5.0,0.17143994729759415,0.386708093345041,-0.44185237247148873,0.23957858806619745,0.18114481648690584,0.4069012027750733,-0.4204208407744166,0.43953560623830445,-0.010320379108744436
grims2,0.00516257664761288,5.0,-0.7005004577762478,-0.4093239665356295,0.350494179952439,-0.03179593788920771,-0.44703684637289387,0.08123746989047889,0.06930547487060827,-0.010377401288009411,-0.08089152856916923
grims2,-0.0005567020236438004,5.0,0.021469332285210713,0.4968756836739392,-0.4345117309946455,0.19872738654807623,0.43413719485811386,0.1042559296770031,-0.232409786183263,0.5034374276088507,0.13248641117237928
grims2,0.000223638785913366,6.0,0.22180407775532238,0.5510292882063964,-0.43632521260355966,0.302509100689308,0.41895017175794225,0.12819841151172684,-0.1829601143610933,0.37089957374096194,0.04778337679650783
grims2,0.0029090640521070616,7.0,0.006082347561476946,0.4314262185764053,-0.23901950408000638,0.4296803001444155,0.506834658623181,0.007337975626165531,-0.12323304431721485,0.5455449974584062,0.048352815622362044
grims2,0.0068361650563296475,7.0,0.06710377016863966,-0.06398404556093218,-0.3583900447023893,0.041201274396333636,-0.7906468998528864,0.2173567911674709,0.05702643924159331,-0.40588297950744673,0.14457750187747523
grims2,0.00308405890427846,7.0,0.039186072787376514,-0.20700330001198752,-0.053063928330279356,0.06731860190532421,-0.5178182530426724,-0.7047898016336,-0.04773680090248353,-0.30664890716517385,0.29510972321227724
grims2,0.003681509438683743,8.0,-0.0016621026486896742,0.29713103245860606,-0.27576766140104486,0.5074344952825308,0.2470811555891736,0.1672000310549374,0.1093299820054585,0.1784457464376286,-0.6673619255460863
grims2,0.0011231603086463136,8.0,-0.1082719723942142,-0.5067991103098457,0.3866933804845892,-0.020340764435564016,-0.2990736862232765,-0.1851213760402673,0.38381225407649294,-0.4676563197168431,-0.3029142637215874
grims2,0.0022259376702899584,9.0,0.40028130598325773,0.3929855822989753,-0.40197885780619014,0.326457540179697,0.22426561367607484,0.35086846885273604,-0.37371303630704233,0.3225502269396824,-0.008476450016663297
grims2,0.02600962124334732,9.0,-0.896397156838148,-0.18989931504516205,0.19207431965234653,-0.0888582005156382,-0.20045925169676854,-0.13359144009390814,0.18557949030195836,0.15152306034118948,0.013874213346579393
grims2,0.0037968747405626034,9.0,0.2601971232313848,-0.19916618398726949,0.45775348556186374,-0.20124149302619998,-0.11281848558745212,-0.3189419713294162,0.7067345266118641,-0.0442954883863086,0.16342008137372235
grims2,-0.0007748173965551852,9.0,0.009139824670326492,0.5501649061884608,-0.45640710302826354,-0.12398306975936364,0.4607626997542388,-0.011419998075311912,0.02591118775029084,0.48726904205172056,0.15172542136551442
grims2,-0.002393491959186775,10.0,0.029931381009123816,-0.36278484250444604,0.4489133895107487,-0.5493858928176089,-0.3144978898021096,-0.19455158623139374,0.11586988184179693,-0.4604368510207253,0.04422685021383261
grims2,0.0030697789855667337,10.0,-0.9162301987228535,-0.017683662862346405,-0.36299117711198203,-0.0184897718055509,-0.03779217611382943,-0.033179204196154506,0.1391590054000172,0.07370778699101867,0.027890318749415895
grims2,-0.00048785485730681535,10.0,0.032738955362769925,-0.6242143154313093,0.20232178985863616,-0.09400097965785306,-0.5201759585920851,-0.10940554274783766,0.0009561640714444292,-0.5133856974414708,0.11574095695041518
pedro,2.755341909722561e-05,1.0,-0.5459263445572272,-0.004239747939784877,0.33985662367543396,0.04328718956476903,0.15690057804279298,0.5459051082220282,-0.06550167438404207,-0.26688354039608614,-0.43176692018354124
pedro,0.00030080015814513413,1.0,-0.4690132068719439,0.18251227336220655,-0.26214553171918026,0.33368192526028273,0.09803854039309406,0.26575608174222876,-0.02544320610609014,0.6536112245109673,-0.24198994788428813
pedro,0.04919343405194328,3.0,-0.5305613408942543,0.0021190654680204907,-0.3028194290064328,0.21875621765680198,0.10147592800839599,0.3472621321218837,-0.18207284986257638,0.5126822147615813,-0.3899542991195481
pedro,0.001108459046499899,3.0,-0.24099131543772945,-0.23874398445842637,0.564246686767228,-0.15360111149239156,0.009886958575681478,0.07269026173569858,0.5916092034119327,-0.1467096747306914,-0.40749241277187864
pedro,0.0008064978300139534,3.0,0.2874893105023044,-0.14126190846343056,-0.22730731103803178,-0.2048880964577326,-0.18661447242768017,-0.6468080512830874,0.4894427365238283,-0.16754343469744784,-0.28798717414587705
pedro,0.0016204939820165173,4.0,-0.25948400542559913,-0.05152512417862076,0.10879164944158971,0.36622885400691674,0.09165644197893333,0.21110238829678854,0.5798632023423009,0.5286620629542634,-0.3396527404168174
pedro,-0.001527368179621261,4.0,0.5127494815649688,-0.3113032551568544,0.006419126192190659,-0.001557100366065572,-0.01050152788297085,-0.5358174248071039,0.5102057265229281,0.028756197850216794,-0.3029640665732457
pedro,-3.49542115837732e-05,4.0,0.29826075194141466,0.5994279366214007,0.37869159079582126,0.26981450052556893,0.21442925401407542,0.1969376936296128,-0.16879839991711348,-0.3651387594801578,0.2982212490372703
xxx,0.004168122427149967,1.0,0.09769202009406897,0.11692355439906543,-0.274923819391708,-0.157401042411653,-0.15663186904177867,0.524103468990797,-0.6195165657147855,-0.1764041736739293,-0.4028520332865381
xxx,0.002941467426900557,1.0,0.03889321820939315,-0.127139471580082,-0.11059051246215208,-0.05062881673563306,-0.08599349635343886,0.1553087861975566,-0.3509512491932229,-0.20019717015764038,0.8790722081139318
xxx,-0.0025311279580577575,1.0,0.03285680844139003,0.2654295256324187,0.1291670909408718,0.007264803682135694,0.7208822464602359,0.5038685767622318,-0.15307084853819264,0.3230468655065617,-0.1019115519024133
xxx,0.0003455768126874513,1.0,0.034283387937127825,0.3858114293385514,-0.08503540348306204,-0.10193447105611286,0.1685529107053376,0.08993843892955763,-0.19543515479752063,0.42155390324936165,0.7615450968185992
xxx,0.0026444075272594163,2.0,0.05580497661180663,0.543424032306171,-0.1451398166913523,-0.18425912120362967,0.27226090559643024,0.15313153118186845,0.3199267144757129,0.6436383917533128,-0.1798899303163406
xxx,-0.003546031041322531,2.0,0.1205852420904962,-0.3149663687211348,-0.030038730073484173,-0.07941820333239313,-0.19559350194530167,-0.22746875805480593,0.8265335003078502,-0.3183417218902749,-0.0674379471676748
xxx,0.001730140839822267,2.0,0.09443016197047306,-0.4251635478818115,0.08140801188816132,0.08900423342774726,-0.4690956473485762,-0.3957448131065219,0.45771959610421054,-0.4193604909773575,-0.1836702223618985
xxx,1.5970428827374192e-05,3.0,0.3033432348499563,0.46248933070093967,-0.37373951516472714,-0.3880841275375128,-0.08884645993769794,0.29565147073251713,-0.12571420971497646,0.39605573079615763,0.3685489053110091
xxx,0.0059372302211159415,4.0,0.051245123066102474,0.5755237760346474,-0.4505047918250031,-0.16061934930939828,0.20836330830449754,0.10890791683785758,-0.23701983025795434,0.5616705309560658,-0.1022975555590739
xxx,0.01915118223555684,4.0,0.04039052128785816,-0.3043250897705303,0.6532707680229276,-0.20974620156800106,0.02564904372094488,0.1434865483125096,0.5526759685973519,-0.30019342292678114,-0.1348539939224172
xxx,-0.00018179903246561064,4.0,0.34341949579855185,0.1616693627467377,0.04584130591651498,-0.5731791239082468,0.5599713725876612,0.4055318367277897,0.18039254404616178,0.05570988453616064,0.10780196539105527
xxx,0.0023626336307299043,5.0,0.061612097895105356,0.4686336380518846,0.04463536764889025,-0.2385702698275508,0.2948897998054747,0.18409475010130422,0.6733610717547042,0.3452319841480727,-0.15565103954308662
xxx,0.010500805044791213,5.0,0.0635185435488275,-0.20259073652333226,0.7292479085723259,-0.15736632646550094,0.046855204345319534,0.06649540272356573,0.5768153275946419,-0.2244685038314624,-0.09293349837357459
xxx,0.0012512700966332163,5.0,0.0378120551898789,-0.2595682257063751,-0.08212318296092881,0.2841710625802225,-0.6276559797020882,-0.477842722241158,0.42337245120561706,-0.18688689378983203,-0.08509133406793264
xxx,-0.0002684301855265084,6.0,0.1863593341400906,-0.1844583324746938,0.243853715215798,-0.8462727494736743,0.2267407888621496,0.2477402049084454,-0.1029841005294644,-0.17749958207099165,0.026546189445760305
xxx,-0.00020136310116062515,6.0,0.06422473271741533,-0.5622497170279561,0.10743694974867321,-0.06403515236623983,-0.3126489221633365,-0.36366063184224506,-0.18842702827045893,-0.6277558545565632,-0.06728059827929223
slasto,0.004205856392827352,2.0,0.03822639024398081,0.17456865780082143,0.26351735771943824,-0.1751256800081806,0.06677211294414653,-0.5920462861262951,0.6358164579442077,0.20304539131953298,-0.2597822281700336
slasto,-0.0011621933066770292,2.0,-0.027139183628108212,0.02658896826136281,0.6555081104039258,0.16475570527434438,0.16762845992128472,0.44820565327783907,0.24531645663915935,-0.3571465287795775,-0.35355303863767557
slasto,4.7068165537324487e-05,2.0,-0.04891946151628007,-0.2433338356165936,0.5187447712761382,0.004304599850493637,-0.0609145037689523,-0.09166413384638215,0.39847351047987567,-0.6216857361720889,-0.3345051271739414
slasto,0.020597511362268082,2.0,-0.02415813641759032,-0.6009809089898105,0.1610241094203674,0.45383819758939176,-0.19933261685111983,-0.2596838945709984,-0.11668147009181877,-0.5086158024730102,0.1639104659271993
slasto,-0.0026335968905862556,2.0,0.01875263027872869,0.5697661813511594,-0.6027977600980547,0.3026491672219896,-0.06752282986079274,-0.31859158813642974,0.19985079745417952,0.27190756122896376,0.010917131788893588
slasto,-0.00011244609305368794,2.0,-0.0015527431536848102,-0.32954146914645005,0.3275108333888603,-0.7567060646256145,0.020805227494985853,0.1779572681901478,-0.4003759440841946,-0.02625179972124263,0.1357972550919741
slasto,0.0006589751308090885,3.0,-0.03376960249588124,0.25837639867236817,-0.3189624928612451,0.6244707063547966,-0.03263778864924951,-0.26225777961364316,0.5099866136375135,-0.11525764781524586,-0.3117458514939612
slasto,0.0013136592993340213,3.0,-0.4101500290780778,0.36088407398076194,0.03699562994814903,-0.09435494041664809,-0.0033351516179794868,-0.330878340904222,0.03713188659327617,0.6779162923832902,0.347602116192469
slasto,-4.732342239530241e-06,3.0,-0.27981509395234444,0.5197545904162049,-0.5712346044957969,-0.04537471174354742,0.05619276056551447,-0.2888021846986201,0.3939289905561884,0.2799666147889111,-0.0553638679537086
slasto,0.011621397569802116,3.0,-0.3545113951153976,-0.042877154931865946,-0.5982350579331268,0.44288730879626914,-0.21245675161768052,-0.14370371023319706,-0.14218124953830993,0.2437239643278075,0.4159848090189948
slasto,0.0001789782239017018,3.0,0.07945020598299737,-0.0682524632765435,0.4285643219291294,0.03394152019631569,-0.07487628993522281,-0.31578599941808355,-0.5593650210948639,-0.1766707579134705,0.5956348054412306
slasto,0.000381308623816322,3.0,0.035955685563284566,-0.552031759254494,0.6732746739981135,0.22586882380645884,0.024982037719259973,0.31351666523013555,-0.21508617422933626,-0.19093748034201863,0.08953562366723498
slasto,-0.0005606464606463655,4.0,0.028360127274067663,-0.3862542644290724,0.4639509986179568,-0.11556648537225671,-0.048791122242433385,0.16913458566271533,-0.7500380026988336,-0.0012226140015840696,0.16688805462654743
slasto,-0.0003895438152253997,4.0,-0.001056165509556134,-0.07737270162070312,-0.13874741222073672,-0.5344033689210631,-0.49734510056169934,-0.3265687718967099,-0.4425564627064144,0.13211946797049173,0.349089467207656
slasto,0.0065536141461143395,4.0,0.24615738451388472,-0.2293083667433673,0.244352282354565,-0.09279700793884212,0.6091517922031361,0.0007888079941532528,-0.11966756292143861,-0.4891204775264033,0.44031715513130854
slasto,-0.0029380807068511224,4.0,0.5310448306837595,0.09542200677304369,-0.1436109382530267,0.06127488739652684,0.7239411843735055,-0.004638242133737881,0.07246296797882497,0.1930373311466586,-0.34333754579037984
slasto,0.001804687794495037,4.0,-0.7958876988997231,-0.0783741078563065,0.15864984551922195,0.08097187182976658,0.32769275253121843,0.23001441725125327,-0.07697991852492214,-0.1369994484176631,0.37909118100949774
slasto,-0.0009380322165047867,4.0,-0.026643820841053645,0.5811970855637436,-0.5810974822205205,-0.2608571823822128,-0.13318571760058334,-0.33799491800055265,-0.02227775175562437,0.3475140595828383,-0.05037838129369966
slasto,0.00014754640162503903,6.0,0.11377054457754696,0.4357900610485562,0.3074158544075633,0.1596721620207057,0.04798307564324207,-0.5303374852378391,-0.338938333957522,0.22140442011835923,-0.4792538406125686
slasto,-0.0002204347577137529,6.0,-0.10507902181245093,0.10930346724906437,-0.1685353552702061,-0.14090281468651994,0.7779739714530376,0.20115402257457413,0.4580095831635969,-0.07601117095943823,-0.25980081720997794
slasto,0.0028981400329107913,6.0,0.254017856090195,-0.018535591478638924,0.3128981132030152,0.2108912228396168,-0.08858529198601194,0.5196671024333055,-0.2092921500929819,0.08062074126315094,0.6815767485757157
slasto,-0.0003444932872236867,6.0,0.06919778535461421,-0.01841802624997424,-0.21214520084228905,-0.0012520609122195934,0.8532398820103081,-0.13052822972731049,0.17058830008486614,-0.19516797877034237,-0.37096962927209187
slasto,0.0014042377866584023,7.0,0.04750144260236194,0.2508158545651146,0.323315300179831,-0.15697921223019365,0.13752970111705964,-0.613123789926643,-0.32187871076752156,-0.2065514353445845,-0.5143492619758007
slasto,5.41756113854072e-05,7.0,0.036620985818204124,-0.10670424067316875,0.060790816217001255,-0.15467873571482807,0.3103550870794112,0.608727456973255,0.5214291184421743,-0.12770498772739985,-0.4523116043198162
slasto,-0.0005265483900893091,7.0,0.359760090513093,0.2914520217211096,-0.21017875662364308,0.056488153429236375,-0.44454240186839766,-0.22195824954129634,0.14431709912819343,0.5650191491333805,0.3889793047302603
slasto,0.00041429158006183587,8.0,0.1656417323650843,0.2562412364316592,-0.27113309156518123,0.11789274976370759,-0.2908076643319856,-0.6129298812040523,0.23233485572801885,0.3848233475560601,0.39644767693237565
slasto,-0.00012993091534326022,8.0,0.0023733367936619536,-0.5893656521292006,0.18055206445354768,-0.11867131041344692,0.09917381651020239,0.41332251720262986,-0.14121053916841372,-0.5502276543900503,-0.32031036563523113
minestra,0.0018303000668850613,1.0,-0.12320961520588417,0.13870809031425557,0.17864595957927543,0.7179133363793847,-0.28626808502136997,0.20951243727366883,-0.47781870217481265,-0.008267258149211292,-0.25306438192153125
minestra,-3.858705693041546e-05,1.0,-0.23228799663721966,0.17138062296957135,-0.20046752232171142,0.08006949843217681,0.32187616531950536,0.5305311233711308,-0.592890736949493,0.24440392214937384,0.27157388463382987
minestra,-3.551452809025531e-05,1.0,-0.08480194418517903,0.3864817571865288,-0.5127354202985229,0.5192462176536576,-0.32273428533940124,0.14781478157025885,-0.27020754080332715,0.25272967455622264,-0.21916934948943065
minestra,0.0017994287533374053,2.0,-0.05112206044992934,0.3627927438853307,-0.44850026219653444,0.6640936814150245,-0.3484569011921086,0.08778957790295927,-0.20605127620506505,0.19221891576982464,-0.1227216160728692
minestra,-2.3005688143352692e-05,2.0,-0.17476936927464376,0.2171801158175828,0.3017125967659378,0.1720739267034195,0.2264886760133755,0.5586167794449175,-0.3936604496509814,0.43780409906226103,0.3027502801709549
minestra,0.0017122146298112313,3.0,-0.2075243419061718,0.2059561996764876,0.021047945348343696,0.24659418047792012,0.08417461166001258,0.48324974922174374,0.05155826134957353,0.6736640471091522,0.39517944965597573
minestra,0.007797234815098628,3.0,0.21432037971737847,-0.08716940840864273,0.14487403926743042,0.3989401821576145,-0.1516173276324353,-0.42485964790474784,-0.2734115513281907,-0.6861727602088186,-0.13132419873522716
minestra,-0.0017073318076600882,3.0,0.021863572192763775,-0.013503019645640671,0.028713771133221374,-0.02622458061304349,0.0884151827702648,0.9614128453212423,0.1239572212024791,-0.19933638630309428,-0.10293275525700059
minestra,-0.00010484642129192412,3.0,0.06719567460482123,-0.5284439710673499,0.0878088631003697,0.11826940696655765,-0.13673827305685118,-0.32570950870677146,0.0665552273880137,-0.40637197384973733,-0.6325992751260404
minestra,0.0026298929672750495,4.0,-0.10918943402098547,0.08164568498894254,0.18784874489877784,0.7080704871780364,0.2085516721197393,0.19083941009550529,-0.22009174840088008,0.2474795507969549,0.505134336272952
minestra,0.006292719190505839,4.0,-0.235740786207467,-0.09710601898384674,0.044186709929337084,-0.08226828816057614,0.44321487383819824,0.5903342417848533,-0.281180050032626,0.4968402210652547,0.23543533932804933
minestra,-0.00010310305868300677,4.0,0.8984904854068874,0.05618920391421928,-0.05955166998495813,-0.08108600084543031,0.09011153978538612,0.20791440006075504,0.18731006280172913,0.30042480712701775,0.052418206250018605
minestra,0.004241261124934933,5.0,-0.0811444817574041,0.21943088798403632,-0.3034227359494265,0.612854157108765,-0.21725177857282854,0.1638206627513801,-0.37065475218172883,0.3267553807914963,0.39927498653669097
minestra,0.0012268542284268585,5.0,-0.13732348213329484,-0.2803514573026552,-0.03542697052688616,-0.0430632355535775,0.40415781716409127,0.503804655909759,-0.4064651893288251,-0.09078849708948013,0.5557127273285458
minestra,0.00016999397555620828,5.0,0.03174585122898498,0.5981703332476525,-0.34922720625268083,-0.10112549353300229,0.3675280291535301,0.2164421464249057,-0.06105104665979255,0.5636367569386734,0.07523807074675642
minestra,0.006416012365692347,6.0,-0.06270902644870278,0.20878112212294242,0.21072766074649701,0.6680558401239101,-0.07980237782152355,0.21330788048397253,-0.010498405443031609,0.3875203254691829,0.5095315279435279
minestra,-0.0007271516596755052,6.0,0.010677516360936033,0.5482754954270898,-0.2614492419299411,0.1636816233501399,-0.3960639335477503,-0.2257478592163545,0.26760492050501233,0.002505938456697145,-0.5698115330757517
minestra,0.0013634220170666556,6.0,0.21634477580690517,-0.31634254498057224,0.23497749317296532,-0.10805219239989854,-0.13259144465327113,-0.472585091777085,0.4650575934960383,-0.47207625131999925,-0.3258541409006993
minestra,-5.609702685707129e-05,6.0,0.01486651041976477,0.6742780186493768,-0.19631065390305796,0.13156299780695074,-0.2723012959710106,-0.3699094944645842,-0.3849777681478789,0.1944822487982959,-0.3037584373447299
dan,9.971211138811383e-05,1.0,-0.21853082580450958,-0.23834499765674788,0.10983575969736961,0.11195989872979412,-0.3542783478233089,-0.2550096511693313,-0.5730627165575397,0.14918609358558543,0.5741398694392928
dan,-0.00011423982099994391,1.0,-0.019482006051686228,0.1433055108774638,0.7429001429039783,-0.36358049092654426,0.11517598460987745,-0.153538523452982,0.4310549017985896,-0.05939804194143517,-0.26232907752890866
dan,0.030018150026345457,1.0,0.7085340024553488,-0.17479229794656426,0.0709844174510667,0.03519188503268892,0.5096468914772788,0.08378707063814805,0.2992506072470973,0.11939468209332046,0.3009712949795138
dan,-7.216445466368734e-05,1.0,0.16874408348812767,0.3360345632135884,0.1191802551109994,-0.057562117499543375,0.7409553979420385,-0.4833381442955744,-0.226398242212078,0.04905660021249529,0.06924953763447939
dan,-0.00025968157196698625,2.0,-0.46151730206705144,0.5707151251477417,0.09720338646485595,0.35008715394751394,-0.19475667505361632,0.2737499354329569,-0.45343052935435346,0.10192640459851725,0.02047158002217217
dan,0.00019824492351985662,2.0,-0.8003500911618255,-0.08259151912952889,-0.041162462099861484,0.35308289825663675,-0.20895252102805376,0.05964151918312289,-0.41456958907972846,-0.07603110678745746,0.037276681373139706
dan,0.0006230322989402177,3.0,-0.24444632934634006,-0.101806620639041,0.07676023183600136,-0.20644601312396033,-0.22429308867040368,-0.45156446623985885,0.3788992736441547,-0.646508660473416,-0.25615102987469635
dan,-0.011618652979283717,3.0,-0.37543221799717097,-0.24824514966870326,0.09432484311623096,0.2427774657508307,-0.2746711144604951,0.29274528657020066,0.6954297845222714,0.1457124400451212,-0.2521670024760487
dan,0.002041379190833479,3.0,-0.36475914397035963,-0.10882542372320858,0.04282107443081557,0.8628881831383847,-0.1832168908852086,0.20461449713629587,0.10180272878706009,0.14061321949285419,-0.05591724597638185
dan,0.0005366342043238951,3.0,0.057285108767227,-0.1614211509142076,0.15292723681736675,-0.1237634157589981,-0.28176389834141274,0.36390405617141414,0.7579368962117319,0.24543169595994344,-0.2922933337979582
dan,-5.376802879473545e-06,3.0,-0.32515134255310774,-0.025938341138472265,0.07159736688164008,-0.11074482338628525,-0.08665215860517583,0.15910383758934557,-0.08583539535007277,-0.8891109105640718,-0.2133181987972022
dan,0.002644284365418824,4.0,-0.25709745656792393,-0.02121573231709717,0.1643419715296342,-0.3442356941196753,-0.09837958432623643,0.11669887283466066,0.10813540413419964,-0.8518215138379556,-0.16539034802162797
dan,0.0014012215466189138,4.0,-0.30167757360128405,-0.008841553181032857,-0.6547858380911504,0.07160001943674345,-0.054126912500385906,0.02761640348887263,-0.6627890669205628,0.1647362565771729,0.07015441622835433
dan,-0.0011149830679134582,4.0,-0.35666648737599865,-0.012910622906155855,0.057223255761952044,-0.12046114062911228,-0.10097545833016393,-0.3524236228723578,0.10140889222562902,-0.8093525634184602,-0.2347406158283037
dan,0.0022827452730033006,5.0,-0.4936239027838734,-0.06567079410947008,0.07088609045580327,-0.21124026640943974,-0.15816290949261658,0.029320079073353687,0.3656716295420422,-0.701569716358858,-0.22491002843090793
dan,0.003922895391011605,5.0,-0.6833916226242781,-0.2428772771577442,0.12279199135873965,-0.09493695055573158,-0.2728145086097267,0.3979226240492535,0.3333704835313726,0.2109305731552261,-0.247987628370826
dan,3.2620013247711566e-06,5.0,-0.01174425162762425,0.026546203626461273,0.0229109275352713,0.014832948502919954,0.0022526322965098094,-0.029505625937984867,-0.11395752779188657,0.006784852477209885,0.9922219691112879
dan,0.009767027993506153,5.0,0.11765344562212478,-0.06355926744384965,-0.8706726762950119,-0.1083107790419863,-0.12742172675762106,-0.32038341857657643,0.27565606516399127,0.08691446831077716,-0.09946622411499972
dan,0.007731262904694071,5.0,-0.07912041217866571,-0.0938071615881998,0.042771437309600806,-0.05535530413493262,0.7791697292927978,-0.55005554512595,0.21563013902265574,0.0875510438049841,-0.1273517152210906
pabluccio,5.206870101396884e-05,1.0,-0.07200498519109742,-0.27573683105513014,-0.1924358841048921,-0.03304263155037592,-0.08324002276602054,-0.07905875470579748,0.49723574032355256,-0.5179517508521625,-0.593265970172442
pabluccio,0.0008817535822076508,2.0,-0.04879920803022728,0.505153570272051,-0.4657491648792774,-0.2175635573880049,0.05296433830645173,0.32691715667096904,-0.15543660362009604,0.4943789823806819,0.3161188972921004
pabluccio,0.0028306822874946728,2.0,-0.1983985703937775,0.07910048869161224,-0.5979794825588728,0.434246387299612,-0.11544342916264272,0.12514334842969627,-0.01949417287685898,0.28672913351396817,-0.5446559204997793
pabluccio,-0.10106979537346893,2.0,-0.2625786675744213,-0.09210951431290311,-0.3538733270035696,-0.06024287711286777,-0.7024180954572065,0.4546921850380135,0.07427394506241994,0.285026964813531,0.08258081710754576
pabluccio,0.013972728137737114,2.0,0.16502718359969334,0.08792802037213299,0.2106154585657223,0.29959262418443794,-0.8284664282803185,-0.34200902503602104,-0.04176415840501781,-0.07452473319088657,0.14246088331866047
pabluccio,0.002564896088797899,2.0,0.11531327956732006,0.35993318396926177,0.41091743262199915,0.07147768252051974,0.2736720010411963,0.22376196456734854,-0.10426428044978493,0.6995542000673313,0.24078175834462912
pabluccio,0.49097229076675564,2.0,0.14024883618063427,-0.22912232165144186,0.35782706750755044,-0.01994876451180296,-0.23408791582936564,-0.8270154744544094,-0.05255868484539802,0.10756911807502333,0.21519708265663479
pabluccio,0.003722760668921504,2.0,0.46368340382153134,-0.01686946289418212,-0.20971734495634042,-0.0018414108968534974,0.8269483618593875,0.18833706740051312,0.027056105466556308,-0.06093555183190171,-0.13026414784385856
pabluccio,0.009895102604884416,2.0,-0.9287702592858585,0.03322496803843211,0.1448740939096208,-0.04519692812000767,0.05824641366966957,0.044637343012041135,-0.026334644168262648,0.3174080758028317,0.08015051093054346
pabluccio,0.0007891772144547301,2.0,0.2308437822333321,0.15641157278840156,0.26333143577591417,0.19539129611000608,0.2277254068063709,0.34473971665827347,-0.11030686963105028,0.7450106010576713,0.277150915776672
pabluccio,-0.0006702049735718259,3.0,-0.14472836952947726,-0.7750758594648004,0.37111727637799147,-0.050929769822273055,0.21355522996453197,-0.20832406031200215,-0.04531126171622152,-0.3263265956399288,0.20110278227197126
pabluccio,0.011308554176535106,3.0,-0.7721283831381073,-0.5097048781114086,0.20179305619765892,0.2554000184489361,0.07951768946772196,0.10710433691124004,-0.03399745395665935,0.07400818354735655,0.11679747513393533
pabluccio,0.0014719484787226273,3.0,0.10931485588060676,-0.8260299686166478,0.5107685311728718,0.07419970429294051,0.0028018802322349583,-0.09813766027632657,0.03857352444906067,-0.12084541513408317,-0.11663739808753641
pabluccio,-5.419534951681032e-05,4.0,-0.05389612253004522,0.24819398928469805,0.4343611521168088,-0.36962706356439207,0.031877763470317316,0.5154447649645687,-0.15198470794564425,0.3620518275300437,0.43511010132066724
pabluccio,0.0028541744023411336,4.0,-0.042848537797797195,-0.44935199648378843,0.6726456321778792,-0.07817226355297757,0.2930529641221271,0.23118000563404886,-0.1333599655721003,0.03705019363969218,0.42332245952204695
pabluccio,0.0016490481299455415,4.0,-0.11285028819170759,-0.11441489241385316,-0.3821988538548594,0.6104753652355589,0.6044647210601727,0.2238891985345927,-0.06044267938555037,0.13481508958295157,0.134482382876494
pabluccio,0.0008395585985373882,4.0,0.44339451417333686,-0.5132272674062616,-0.2437048972106966,0.07862309137574774,0.6018071765507892,0.19409959724998435,0.031725969236378,-0.22253272306929833,-0.15508555061150367
pabluccio,0.013375504028583592,4.0,-0.7701707814103838,0.38064214810175334,0.19643596416556844,0.09627123821883704,0.097552467488079,0.11388819021104515,-0.0308275756828948,0.4213788963583845,0.11443673240311858
pabluccio,0.0012160860305208666,4.0,0.060280465024970455,0.7246390462918386,-0.1364148888500747,0.5064349079744573,0.17105503463826946,0.0014019632549544128,0.005828704643531751,0.4058543265969416,-0.04653688450258149
pabluccio,-4.536642118113665e-05,4.0,-0.012657531134475484,-0.4887961850250879,0.5341046751362633,-0.26048151161479105,-0.2465371028161385,0.45794556947199927,-0.0986672786541136,-0.11012983334525808,0.3397663237892889
SADAX,0.0007107884448348682,1.0,0.011753678948204694,0.1415609107618735,-0.09845577803491946,0.8554667572158577,0.147894605568757,0.2951699008619525,-0.036973597526145714,-0.002446570100371046,-0.3576790870250872
SADAX,-0.011211065704808407,1.0,0.06898398037356193,0.5537567615132158,-0.24804373959786402,-0.17585048412443155,0.20518902255381322,0.35713665387978555,-0.369117753368545,0.33755275044167166,-0.4198888785215756
SADAX,0.0008085364290172768,2.0,0.038672581602803215,-0.07365496493734164,0.07076361897661262,-0.017768140007565433,0.008695929567572574,-0.04203265717365137,-0.9909569247471328,-0.05706889278766339,0.025716382207272265
SADAX,0.0027495856419850573,2.0,-0.9080725659717992,-0.13924331253940764,-0.2206983761031645,0.027505628584432323,-0.1634357972128622,-0.20594272924713933,0.08680817450232414,-0.009566600580100495,0.17262773669545875
SADAX,-0.0031986577478122225,2.0,0.08652129606623013,0.4972738123898089,-0.2496362370055918,-0.17749862848571993,0.23763617984813762,0.28886009280210095,-0.4090150828413949,0.38988597765381033,-0.43839854715592547
SADAX,0.0033593370251858877,3.0,0.09120745406732156,0.3844989042479031,0.016270699483102436,-0.2147291129886945,0.3668287741102615,0.2615867778926972,-0.29175561744530254,0.22590746381117094,-0.6769947938707744
SADAX,0.0027159202878661234,3.0,0.10575810265953253,-0.11062034767298945,0.34897183113112235,-0.11989062898046973,-0.7679116557552461,-0.2698609242895346,-0.05188906096381422,-0.2760126602292264,-0.3146975815041102
SADAX,-0.00099547143142081,3.0,0.07716731641817076,-0.4736472263377307,0.3421394756620448,-0.03833300045851393,-0.19087919335169753,-0.15159734572119998,-0.006837380929535222,-0.7108208081835922,0.2940154378937996
grims,0.0011678156424164568,1.0,0.01153516651264054,0.10913048442424725,-0.3583871955534469,0.8338095451324797,0.07383674600481308,0.09599495633502385,-0.2996373829311516,0.01796783593163812,-0.24393736231237736
grims,0.002865775818552346,1.0,0.0008299005149944508,-0.12994098802207005,0.24466153254464923,-0.1363413788572304,-0.40009757982365,0.4146085828962403,-0.5086510138842463,-0.35787584943172235,-0.4311462465072346
grims,-0.12264686760295437,1.0,-0.05562580929490757,0.07021643231112064,-0.1283152128498839,0.04387570341590617,0.5090946022619812,0.7706049008119914,0.09667241125513629,0.2428666464866369,0.2285750653364023
grims,0.001381276800272453,1.0,0.150090145509629,-4.9599118359333616e-05,0.2651176646893151,0.01984199507431445,-0.5096535758472023,0.6634828068945022,0.00010222906566361693,-0.21798875068832851,-0.3991447814591755
grims,-0.029495714141427307,1.0,0.0264509552859374,0.24121643017154637,-0.42885763279085565,0.7341112390389033,0.2236617634780556,0.04221985498866827,-0.26073856839611564,0.11018528543751037,-0.293844008820952
grims,0.0037917402610312422,2.0,0.02106741545144167,0.15874829143030272,-0.3646003068783873,0.8640161431184721,0.17134456875379098,0.05980975078373313,-0.14190632936810924,0.09243069753190714,-0.18243041670133509
grims,-0.0010194154646918352,2.0,0.4033762462620035,0.3849156057936767,-0.35760710097428533,0.09126870392375021,0.17001183403210895,0.2069711997347376,-0.6122082924640146,0.280691907475697,-0.16609251599714173
grims,0.00013433455777331083,3.0,0.126280125206279,0.5365160161849646,-0.45867010532298996,0.21350858845162735,0.3559175754481414,0.16527333031845126,-0.3369719687299199,0.3307598338940895,-0.25158486011780085
grims,0.0029881096717314383,4.0,0.03898405930052208,0.31032826275803427,-0.39142546720214094,0.5279913250055447,0.39474853610658045,-0.051074552936095335,-0.038310583159823566,0.3426662820593535,0.4391639539399511
grims,0.0007139008517024481,4.0,0.24025083679727124,-0.34871592719732636,0.2651391784519967,0.06992939371008808,-0.43197523110816793,0.19958953395828474,-0.22201100383475128,-0.5943373585444544,-0.3413553420415549
grims,0.003747524568429304,5.0,0.06217219407316812,0.3826093149074836,-0.4097618113056392,0.5708387994098081,0.2525517137940377,0.2537954505340185,-0.1756247628777544,0.42800891418074005,0.1172726170422165
grims,0.003654159528991937,5.0,-0.8724431603884868,-0.3000411079130186,0.21518685613160868,-0.04437000976690472,-0.0871990019770597,-0.23670837363297154,0.1578382696577789,0.0754035759164964,0.07944209156258294
grims,-0.00025586822024505155,5.0,0.030166953430827224,0.5127124168524793,-0.45144512265063297,-0.0766267454709771,0.3957126346743248,0.02823200457961306,-0.013576495444938259,0.5595388246181908,0.23640647798298675
grims,-0.000523075495322948,6.0,0.0527122246946159,-0.6186460109288553,0.2847350915094902,-0.04706175777796237,-0.4633010732781562,-0.07603525844998603,0.15436530988087407,-0.46965127017447084,0.25764208438865527
Pa0l0l0,0.00014482407781747322,1.0,0.09186148708389005,-0.3452870397380646,-0.23903116713563802,-0.03820938911052894,-0.3203486672782521,0.2786482715968073,-0.18432811444171468,-0.5610764072608295,-0.5335641991851005
Pa0l0l0,0.0008487836765661645,1.0,0.20464672425960842,-0.03220033853063675,-0.14227110227069503,-0.015082453615982323,0.7523126647329644,-0.46292074281791523,0.038632770740795984,-0.2533833671628653,-0.30107927215489344
Pa0l0l0,0.0006609246640690415,2.0,0.0587420234090271,-0.28659081550332066,-0.1996733866395165,-0.15554591745704924,-0.33340968526248493,0.29307293557399755,-0.18918075568163475,-0.6289116547798308,-0.4711455122935341
Pa0l0l0,0.0008820677333715385,2.0,0.13127408627712134,-0.11436869367198277,0.6981881585689182,0.4380489969799198,0.24096594529741822,-0.41768533476322833,-0.03634242994007562,-0.1603920009743773,-0.17538898425795643
Pa0l0l0,0.00442159929682236,2.0,0.014407655452920375,-0.3458758589958924,0.004356423158725975,0.06907449475170266,-0.020054196073480367,-0.898036211206465,-0.0462732289403999,-0.24308865084989525,0.08524983327522379
Pa0l0l0,-1.8960714510612228e-05,2.0,0.013530924658836483,0.6372594241638041,-0.06649578391390937,-0.25814697853354474,-0.16578476211871615,0.2860714132148587,-0.11609912813837749,0.5363090957394342,-0.3350043194514419
Pa0l0l0,0.0037416105182838297,3.0,0.007582463990229155,0.6688100661744921,-0.2291784046220493,-0.2524720561180207,-0.10536488696771316,0.2415158033775263,-0.1686221748353137,0.48901897665418753,-0.31522385902248456
Pa0l0l0,0.0005019925936056291,3.0,0.023036586782090772,-0.07242419604472022,-0.11740043493092422,-0.14846555973767314,-0.15252906663001253,0.12496605038869955,0.9431678876226347,-0.11325519377725086,-0.13086303477176794
Pa0l0l0,0.00147975238672147,3.0,-0.6869895406179212,-0.0856734222331319,0.49344760959264117,0.23055259111232704,0.23716199901454624,-0.19724974882575194,0.04158301951469049,0.3388156927143083,0.11127397176927334
Pa0l0l0,5.526917055991384e-05,4.0,-0.11593644095205002,0.372793981978743,-0.07610528428720942,-0.5311834332709064,-0.4216082779551637,0.4411151160642793,-0.09804616480328907,0.35771808856534765,-0.2229891647629988
Pa0l0l0,0.007595616031838293,4.0,0.0009869817198342964,-0.6094664477158013,0.0697806613837021,-0.34943805241645287,0.022581005477163036,-0.20501482177229438,0.09639044702748217,-0.6116029563182123,-0.27510563132367044
Pa0l0l0,-0.0002124440607977975,4.0,-0.004269726613598035,0.35549068919603577,-0.03658815551041176,0.8575950632744834,0.0036559867012233072,0.11490328877241274,-0.1136119867668379,0.2812546683364585,-0.17768553583653843
Pa0l0l0,-0.0008999967527844714,5.0,-0.0009305780687349613,-0.2436439981413586,0.05750710565042952,-0.38555023542272326,0.006374781789902569,-0.07413285298144884,-0.8356542802772509,-0.1961522810052294,0.21529183388150921
Pa0l0l0,0.00022711115458307757,6.0,0.674648903754993,0.3762232351099354,-0.0036634757455353845,-0.36427566858067617,-0.16439704846523537,0.22310327054337012,-0.023767689592112888,0.26576366097765886,-0.35014006456722413
Pa0l0l0,-0.0010488270029701942,6.0,0.02230156741708848,-0.48248933912366954,-0.09761818081184996,-0.12364632982027812,-0.5186043190181308,-0.4706004150689181,-0.05207142658693773,-0.275306552350222,0.4158949771500542
peppe,-4.704663132718226e-05,1.0,-0.10836611844725506,-0.08361432410525843,0.07474238281217586,-0.9177581541202412,0.3104103243536105,0.06389808166641303,0.1689881523519359,-0.06149350167926682,-0.024959872683994976
peppe,0.000116746943358703,1.0,-0.6984151039764503,-0.12840020290716392,0.3469071748252097,-0.1799888374872445,0.22664857714098,-0.44008126749432824,-0.29189436172371164,-0.03426907568932463,-0.10757031835783323
peppe,0.0007150025800743466,1.0,0.40080888813177934,0.09059544705892686,-0.46821826023580293,0.15469340900639722,0.1824995275615405,-0.7142648549080345,0.14022238955194674,-0.051243679590094744,-0.1490560847866569
peppe,0.00031751993246425234,1.0,0.16312717861077802,-0.0830587688990384,0.5008838409409014,0.07100254104745211,-0.14590205101243064,-0.18211965969304167,0.5344888781778305,-0.021986282464995923,-0.6082335448721882
peppe,0.0005911934696328217,2.0,-0.08888345357158399,0.12636989408070776,0.3258655241400088,-0.24547131375731188,-0.7341853345843632,0.15566771569133922,-0.04338430228379931,0.08693529169609497,0.4868114522031964
peppe,5.252859794104098e-05,2.0,-0.4401589613499052,-0.064895638375142,-0.053992501322442356,-0.5936520073470218,0.336218240122688,0.2358647890393865,-0.5265955009022967,-0.026903736590894806,-0.003035214023714452
peppe,-0.0007190385725985106,3.0,-0.2428291911316611,-0.2815095126578946,0.31575859117295385,-0.18342750458661272,0.15173520901633006,0.23769256014098483,0.24366540186285984,-0.038087241281782674,0.7668718589595045
peppe,0.011493433626197725,3.0,0.05536870211726836,-0.7606371454013282,0.014407332187670959,-0.0191147758263006,-0.015489588312616374,-0.06601444838402612,0.13070268352145636,0.6181799638857217,-0.1181736011760162
peppe,-0.005214459196501054,3.0,0.07407034408374503,0.1238877409538861,-0.12158324147603713,-0.013732001394571716,-0.20162013355284022,0.048863749935419705,-0.0872243802342234,0.953916778585802,0.059922466672885095
peppe,-0.0016948359173140695,3.0,-0.2109913813952962,-0.047133595792467786,0.32804057026151984,0.046178198788070335,-0.8757918681906979,0.19994829651699142,0.034422212263616477,-0.01268465776726594,-0.18756735439561198
peppe,-0.15153981137878883,3.0,0.023958654404906965,0.010669327844351307,-0.02409543365827361,-0.9968649356292391,0.053634792394413225,-0.007992199208819157,0.04209435109576052,0.006870829230154461,0.015236456947753454
bigw,-0.00018152937863053382,1.0,0.15470561199608146,0.21353335926073602,0.3488011125705685,-0.16566630006692604,0.31998969472665156,0.17973678132739532,-0.7528254224783728,0.045677041485834576,-0.2789819256682891
bigw,3.861500562822644e-05,1.0,0.1223160780135521,0.2309202856979351,0.07133986336135803,-0.21379495170403728,0.029887291434069135,-0.373276100198304,-0.4475070507998281,-0.3317039789786,0.6560476765294593
bigw,0.002163345374797135,2.0,0.07507929267641578,-0.6306771680691325,-0.44891288587469946,0.4195259315468717,-0.24418627442858692,0.24732302931383032,0.2058131328216067,0.23589903082031688,0.016781159399623175
bigw,0.003452841815328165,2.0,0.1324201860190974,0.2237709000430117,0.29429764645101364,-0.18830195142984102,0.6286450620644671,0.12975870633111092,0.2930042402815526,-0.4639005865574666,-0.31182619205516277
bigw,2.3108521216546902e-05,2.0,0.24633814880099358,0.19517951491403518,0.2823272504091246,0.039997683824587855,0.20460265653516213,-0.13631891367480953,0.31327837537655073,-0.7473085413315559,-0.32071091758142173
bigw,-0.0011829628603394543,2.0,0.027598079653063663,-0.6382645459654621,-0.49440951062471594,0.30336265546196545,-0.40944945771260594,0.12038129599122585,-0.1823780272295868,-0.07056661733435311,0.18709661486519844
bigw,0.0014690821278118985,3.0,0.0005433529424788187,-0.5804376480977899,-0.3555626998505157,0.568553843685518,-0.2809632031610146,0.3362233515906231,0.10080781599342054,-0.07825519644836476,0.07170062427801858
bigw,-0.0005294047417792021,3.0,0.26380988931009397,-0.4066887232759312,-0.13013546891132188,0.2548759419508986,-0.2617515962927908,-0.017957396703304672,-0.29051364080643644,0.6934171776890768,0.22147170144553788
bigw,0.0004553272339303557,4.0,0.1311515019637136,-0.61699441158335,-0.009131471916483423,-0.38775277220985555,-0.4500437003295046,0.3158783875362696,0.3172983323182873,0.17587680342923964,-0.13323743421631992
bigw,0.0005394403572648477,4.0,0.1948727818531514,0.353463349872767,-0.031780711578843004,-0.3831756406596476,-0.5153626265020265,-0.030345187312255623,0.3541777303268736,0.41313034682521005,-0.3558323462680838
bigw,0.0005717754983819827,4.0,-0.7371515779476323,0.2302561239626998,-0.2458016518078241,0.26853393337429926,-0.12929722590041556,-0.3630739488580548,0.221074641869139,0.2011546812955721,-0.18216222180366096
bigw,0.0021874589265350915,5.0,0.11279747510328614,-0.5325389675640267,-0.2588235823724624,-0.33227102552265625,-0.4529950692830853,0.3220874588472541,0.2956147117640618,0.35248636497765384,-0.07553633029339735
bigw,-0.00023404739779289582,5.0,0.6830222035917076,-0.2185481161276176,-0.0630478216718422,0.001552190279821745,-0.03157455642035007,0.5816959837457576,-0.21666299887705912,-0.22441844799244176,0.21228821970317802
bigw,0.002006963464982169,7.0,0.10419976501693681,-0.1434115170342849,0.22035760751545724,-0.4386751993608437,0.6539682872496396,0.3762223076133936,0.20628257413278608,0.27381762573575763,-0.20207870248875162
bigw,0.0010185887861644532,7.0,0.1562955210705878,0.34821850574222607,0.3493158576141015,-0.21398430316231934,-0.44024144811967686,-0.18071527552894834,0.3544693476177714,0.45419299449219364,-0.3579027715358147
bigw,0.0005246618656630504,7.0,-0.6804942930147778,0.18647382727024553,-0.5127665845312409,-0.20384773902338432,0.042557560904807876,-0.3701046115427877,0.16648747010871406,0.14624091565994463,-0.09888632569299591
qwe,-7.997416466642375e-06,1.0,-0.0487104082612459,0.1394248006231945,-0.22600029028707014,0.04448883703684302,-0.1851052499147281,0.22857825750209718,0.8129245892684656,0.2772291327564748,-0.3176763762582542
qwe,0.0004454888001005047,2.0,0.0493352759941005,-0.4180417555403343,0.4680125931574835,0.22444602438520309,-0.4051367425671196,0.28528820325702364,0.4134950922861317,0.23437909883657967,-0.2862838164118698
qwe,-6.543229535366597e-05,2.0,0.7152081438788364,-0.1836231726261901,0.17725682584449645,0.20334258630554067,-0.2649834172863197,0.3655061822097985,0.07826119649674093,-0.25419082458091535,-0.32778480874141186
qwe,-7.579080865374952e-05,2.0,0.09988665447568831,0.10094568521780284,-0.495880217535754,-0.6519024153533959,-0.1677031183377291,-0.3812439595203914,0.0686762316560428,-0.1613018152506205,-0.32365519096418144
qwe,0.00033661800979469414,2.0,0.21924625122063174,-0.6982520828185401,0.3044315793298378,0.14623307408180267,-0.0932317261562256,0.13270338664103074,-0.07317029798491632,-0.46161786607521565,0.3249078659273905
qwe,0.00014686340997493072,2.0,0.007789256964615219,0.4812194146089651,0.20383821154536805,-0.6011688202516782,-0.3849878966587106,-0.3931787439091879,-0.055415637516000156,-0.09701100808818011,0.22388836893246938
qwe,-0.001355356263907993,3.0,-0.010091350618254244,0.11408622193426077,0.2405997862249601,-0.5822879791315293,-0.451910950689959,0.29017112910807036,-0.40973162013628106,-0.17769371845168602,0.31946377133697895
qwe,-0.0013486532621420897,3.0,0.027260592834732783,0.280649839149129,0.23768743262709136,0.24390166723505044,-0.47518468778306033,0.6096071288916911,0.07875965603765721,-0.2581189663577493,0.3664141995654024
qwe,0.0010607753616612185,3.0,-0.09926998181187964,0.20785509581139283,-0.43429688418254697,-0.21538355086902175,-0.536605128260605,0.48953355081103056,-0.11760255058270457,0.24399837205664482,-0.3331428308482728
qwe,0.0035908698543839546,3.0,0.3271723988703476,0.2024579144406229,0.047042399729765004,-0.2703191463934808,0.34159128808677036,-0.5378394277755514,-0.138967618511378,0.3107586182474911,-0.5048215625763371
qwe,0.0010585788635022308,3.0,-0.828844381264907,0.1802315740557251,-0.11833317782634442,-0.3352217432834467,0.17700340735501238,-0.3043483730943267,-0.0840746498517859,0.1439544942032729,0.04906762318521678
qwe,-0.0010730503553114778,4.0,0.06009257976890948,0.5054675511704727,-0.15106365827745477,-0.47360564092792823,0.27382034741539063,-0.30952663748127934,-0.39089362502946595,0.41139027062648903,0.030737628007974676
qwe,0.0005972816575979039,4.0,0.15874175701330095,-0.261749383793929,0.1520601625015999,0.20518786496333816,-0.3596407851547637,0.4355972016941748,0.1820557417396922,0.649886637416631,0.2578383420905169
qwe,0.00017886881149069235,4.0,-0.8067939649189116,0.17673572325361486,-0.16003699437112034,-0.11507945656596139,0.31255736514413957,-0.40672388680897414,-0.04729554975452924,0.029692360780749213,0.11295100479155093
qwe,-0.00024240541261296193,4.0,0.08512553038393068,-0.5496847590238579,0.18125831828690683,-0.11810859592766923,-0.41512142602618995,0.2903753950208661,0.0015429355489637458,-0.5363599713512276,0.3153855156724788
qwe,-9.126038283188974e-05,6.0,0.01880217385029588,0.2048375762899861,0.5802651105837027,-0.3418997186568423,-0.2189973870109339,0.4015305418387587,-0.19782137573500858,0.07606112231313918,-0.4999798064398539
qwe,0.018471309534924093,6.0,-0.009322124651511825,0.2693951191179508,-0.04075472144267059,0.5921401430852569,-0.4428897075977498,0.21633304446525511,-0.21197605569238936,0.2971224191717478,-0.44596144679726174
qwe,-0.0003365583429865833,6.0,-0.00801431164225565,-0.19212941257847363,-0.5359930772165544,0.17690421045061508,-0.29985061791820655,0.47593032083941056,0.20327313325756483,-0.29556749311449265,0.4464730765470144
qwe,-0.00042356972137704783,6.0,-0.2469494640375068,-0.4143331809260774,0.25303108245756145,0.3245154343527783,0.5426761542443215,-0.000725201113966929,0.21653692053646095,-0.4480409044710693,0.23639407191323458
qwe,0.0011801643825693079,6.0,0.233902372801422,0.28727284376043305,0.35892395924738874,-0.29747817305269836,-0.3317061566387931,-0.3297209569143363,-0.20279966947358147,-0.4205002352226596,0.4568930769114098
qwe,0.0015202301117133597,6.0,-0.9713137661883883,0.052556052809700826,-0.08171552614321241,-0.07936883877114737,-0.09335768713253344,-0.09166459785906318,-0.05921736612910846,0.0755921027278,0.12029825622914006
qwe,-8.000407030626509e-06,6.0,0.11904143940487086,0.24872661973900823,0.20404200627421346,-0.245149953218195,-0.2347051537035496,0.19501204009180337,-0.16515102386815947,-0.7069546251975231,0.4495071264414943
ocran,0.0015292015323109562,1.0,0.21382096287397373,0.25879994170593357,-0.04589177958169271,-0.1841356656067336,0.11565518731909419,-0.514702705500959,-0.7070636029933374,0.1039629218082245,0.2494974188932597
ocran,4.2104635861360414e-05,1.0,0.17317644147426492,-0.14391983634489647,0.3229469214942454,-0.0725001435010405,0.5144334330644496,0.6742567739232316,0.2879091863362719,-0.19386446637455573,0.0026326372978382013
ocran,0.0011051230650270312,1.0,-0.39071372191699455,-0.08006026617452933,0.1289743608732763,0.3072689388200115,-0.3978323600813978,0.07952636547491788,0.30588615382708134,-0.3860702224159952,-0.5680431053067556
ocran,0.0038330479445581405,2.0,0.15716111317584602,0.3862448895192956,-0.0651283256804435,-0.10967681521559644,0.18841016194440635,-0.23633491386501287,-0.7699227199769255,0.2681603565889931,0.23195045808464937
ocran,0.0036397197098005244,2.0,0.3331586696838207,-0.18430349352958775,0.27096594608019337,-0.05714187345011058,0.4797840310912422,0.6942019227683642,-0.10662791845214338,-0.03797241979976615,0.23114787848135182
ocran,0.0012171332364303705,2.0,-0.5020405397526838,-0.3768276878151724,-0.014467774495970987,0.5967656759474832,-0.40272722947016665,0.13050165698385705,0.2561219280558065,-0.06532062192797769,0.023075357861837235
ocran,0.003835575709649682,3.0,0.12744852949731147,0.5453582663221247,-0.27311301373800007,-0.11607933280053367,0.1587164588387115,-0.31603806252465744,-0.6024982367402179,0.27231149461502147,0.1898616792863977
ocran,0.00777390000745759,3.0,0.18536011857263004,0.03921039806971227,-0.2306482771071481,-0.0879778431794548,0.5289305273751098,0.6493319441554865,-0.3363094567811047,0.01731565035565819,0.2972576046886848
ocran,-0.0008240713545635719,3.0,0.1157298844704817,-0.7243906446086634,0.4868853024960512,0.0038065795995721346,-0.19928248673212817,-0.20594107181323268,-0.1993663752660079,-0.30803577581922675,0.08963690456498996
