Username,Features,Target_Activity,TestActivity,Target_Threshold,Test_Threshold,eps,min_samples,scaler,LogNumber,N_states,Ghost_Count,Sequence_Probability,Normalized,LogProb,Length,AvgLogProb
grims3,rotation,trashActivity,trashActivity,0.6,0.6,0.15,5,standard,1,15,12,1.2822792145753876e-58,1.0,-133.30129626278966,15,-8.886753084185978
grims3,rotation,trashActivity,trashActivity,0.6,0.6,0.15,5,standard,2,18,15,0.0,0.0,-inf,18,-inf
grims3,rotation,trashActivity,trashActivity,0.6,0.6,0.15,5,standard,3,22,11,0.0,0.0,-inf,22,-inf
grims3,rotation,sphereActivity,trashActivity,0.75,0.6,0.2,5,standard,1,15,11,0.0,0.0,-inf,15,-inf
grims3,rotation,sphereActivity,trashActivity,0.75,0.6,0.2,5,standard,2,18,13,0.0,0.0,-inf,18,-inf
grims3,rotation,sphereActivity,trashActivity,0.75,0.6,0.2,5,standard,3,22,18,0.0,0.0,-inf,22,-inf
grims3,rotation,sphereActivity,sphereActivity,0.75,0.75,0.2,5,standard,1,1,1,0.0,0.0,-inf,1,-inf
grims3,rotation,sphereActivity,sphereActivity,0.75,0.75,0.2,5,standard,2,4,1,0.0,0.0,-inf,4,-inf
grims3,rotation,sphereActivity,sphereActivity,0.75,0.75,0.2,5,standard,3,5,0,0.0,0.0,-inf,5,-inf
grims3,rotation,sphereActivity,sphereActivity,0.75,0.75,0.2,5,standard,4,3,1,0.0006637559403001,0.2498908945396719,-7.317596035843458,3,-2.439198678614486
grims3,rotation,sphereActivity,sphereActivity,0.75,0.75,0.2,5,standard,5,4,0,0.0,0.0,-inf,4,-inf
grims3,rotation,sphereActivity,sphereActivity,0.75,0.75,0.2,5,standard,6,5,3,1.159216265887793e-06,0.0004364218413121,-13.667766414044085,5,-2.733553282808817
grims3,rotation,sphereActivity,sphereActivity,0.75,0.75,0.2,5,standard,7,3,0,0.0,0.0,-inf,3,-inf
grims3,rotation,sphereActivity,sphereActivity,0.75,0.75,0.2,5,standard,8,3,1,0.0019912678209003,0.749672683619016,-6.218983747175348,3,-2.072994582391783
grims3,rotation,sphereActivity,sphereActivity,0.75,0.75,0.2,5,standard,9,1,0,0.0,0.0,-inf,1,-inf
grims3,rotation,sphereActivity,ladderActivity,0.75,0.6,0.2,5,standard,1,12,9,0.0,0.0,-inf,12,-inf
grims3,rotation,sphereActivity,ladderActivity,0.75,0.6,0.2,5,standard,2,16,13,0.0,0.0,-inf,16,-inf
grims3,rotation,sphereActivity,ladderActivity,0.75,0.6,0.2,5,standard,3,13,10,0.0,0.0,-inf,13,-inf
grims3,rotation,sphereActivity,pilotActivity,0.75,0.6,0.2,5,standard,1,15,9,0.0,0.0,-inf,15,-inf
grims3,rotation,sphereActivity,sphereActivity,0.7,0.7,0.2,9,standard,1,1,1,0.0,0.0,-inf,1,-inf
grims3,rotation,sphereActivity,sphereActivity,0.7,0.7,0.2,9,standard,2,4,0,0.0,0.0,-inf,4,-inf
grims3,rotation,sphereActivity,sphereActivity,0.7,0.7,0.2,9,standard,3,5,2,0.0,0.0,-inf,5,-inf
grims3,rotation,sphereActivity,sphereActivity,0.7,0.7,0.2,9,standard,4,3,1,0.0004738963694271,0.0626293748277348,-7.654521890072813,3,-2.5515072966909376
grims3,rotation,sphereActivity,sphereActivity,0.7,0.7,0.2,9,standard,5,4,0,0.0,0.0,-inf,4,-inf
grims3,rotation,sphereActivity,sphereActivity,0.7,0.7,0.2,9,standard,6,5,2,0.0,0.0,-inf,5,-inf
grims3,rotation,sphereActivity,sphereActivity,0.7,0.7,0.2,9,standard,7,3,1,0.0004738963694271,0.0626293748277348,-7.654521890072813,3,-2.5515072966909376
grims3,rotation,sphereActivity,sphereActivity,0.7,0.7,0.2,9,standard,8,5,1,0.0,0.0,-inf,5,-inf
grims3,rotation,sphereActivity,sphereActivity,0.7,0.7,0.2,9,standard,9,2,1,0.0066188861674989,0.8747412503445303,-5.0178281758329435,2,-2.5089140879164717
grims3,position,sphereActivity,sphereActivity,0.65,0.65,0.15,3,standard,1,3,2,0.0001713102840798,0.0027022858543012,-8.672034118943643,3,-2.890678039647881
grims3,position,sphereActivity,sphereActivity,0.65,0.65,0.15,3,standard,2,3,0,0.023292824074074,0.3674260966886655,-3.7596099454994287,3,-1.2532033151664763
grims3,position,sphereActivity,sphereActivity,0.65,0.65,0.15,3,standard,3,3,1,0.0052821218407683,0.0833213441193519,-5.243427398207712,3,-1.747809132735904
grims3,position,sphereActivity,sphereActivity,0.65,0.65,0.15,3,standard,4,4,0,0.0,0.0,-inf,4,-inf
grims3,position,sphereActivity,sphereActivity,0.65,0.65,0.15,3,standard,5,3,0,0.0,0.0,-inf,3,-inf
grims3,position,sphereActivity,sphereActivity,0.65,0.65,0.15,3,standard,6,3,0,0.0106481481481481,0.167966215629104,-4.542369284749062,3,-1.5141230949163542
grims3,position,sphereActivity,sphereActivity,0.65,0.65,0.15,3,standard,7,4,0,0.0,0.0,-inf,4,-inf
grims3,position,sphereActivity,sphereActivity,0.65,0.65,0.15,3,standard,8,3,0,0.0106481481481481,0.167966215629104,-4.542369284749062,3,-1.5141230949163542
grims3,position,sphereActivity,sphereActivity,0.65,0.65,0.15,3,standard,9,3,1,0.0133520302086088,0.210617842079473,-4.316086830146972,3,-1.4386956100489907
grims3,position,sphereActivity,ladderActivity,0.65,0.6,0.15,3,standard,1,6,6,0.0,0.0,-inf,6,-inf
grims3,position,sphereActivity,ladderActivity,0.65,0.6,0.15,3,standard,2,4,4,0.0,0.0,-inf,4,-inf
grims3,position,sphereActivity,ladderActivity,0.65,0.6,0.15,3,standard,3,2,1,0.0,0.0,-inf,2,-inf
grims3,position,trashActivity,ladderActivity,0.6,0.6,0.15,5,standard,1,6,6,0.0,0.0,-inf,6,-inf
grims3,position,trashActivity,ladderActivity,0.6,0.6,0.15,5,standard,2,4,4,0.0,0.0,-inf,4,-inf
grims3,position,trashActivity,ladderActivity,0.6,0.6,0.15,5,standard,3,2,2,0.0,0.0,-inf,2,-inf
grims3,position,trashActivity,trashActivity,0.6,0.6,0.15,5,standard,1,3,1,0.0292022627646975,0.9999999335629808,-3.53350908076855,3,-1.1778363602561834
grims3,position,trashActivity,trashActivity,0.6,0.6,0.15,5,standard,2,8,0,1.940111423640174e-09,6.64370192946262e-08,-20.060520430654424,8,-2.507565053831803
grims3,position,trashActivity,trashActivity,0.6,0.6,0.15,5,standard,3,5,1,0.0,0.0,-inf,5,-inf
grims3,rotation_position,sphereActivity,sphereActivity,0.6,0.6,0.3,6,standard,1,2,0,0.0,0.0,-inf,2,-inf
grims3,rotation_position,sphereActivity,sphereActivity,0.6,0.6,0.3,6,standard,2,8,2,0.0,0.0,-inf,8,-inf
grims3,rotation_position,sphereActivity,sphereActivity,0.6,0.6,0.3,6,standard,3,3,0,0.0199362041467304,0.6145213174097599,-3.9152178963246658,3,-1.3050726321082218
grims3,rotation_position,sphereActivity,sphereActivity,0.6,0.6,0.3,6,standard,4,5,1,0.0,0.0,-inf,5,-inf
grims3,rotation_position,sphereActivity,sphereActivity,0.6,0.6,0.3,6,standard,5,4,0,0.0031478217073784,0.0970296816962778,-5.7610445868229965,4,-1.4402611467057491
grims3,rotation_position,sphereActivity,sphereActivity,0.6,0.6,0.3,6,standard,6,4,0,2.8696051423323957e-05,0.0008845382599079,-10.458751025732694,4,-2.6146877564331734
grims3,rotation_position,sphereActivity,sphereActivity,0.6,0.6,0.3,6,standard,7,5,0,0.0001916942706416,0.0059088588212476,-8.559608795466039,5,-1.7119217590932077
grims3,rotation_position,sphereActivity,sphereActivity,0.6,0.6,0.3,6,standard,8,3,0,0.0,0.0,-inf,3,-inf
grims3,rotation_position,sphereActivity,sphereActivity,0.6,0.6,0.3,6,standard,9,2,0,0.0091374269005847,0.2816556038128065,-4.695376453874241,2,-2.3476882269371204
grims3,rotation_position,sphereActivity,sphereActivity,0.65,0.65,0.3,4,standard,1,1,0,0.0,0.0,-inf,1,-inf
grims3,rotation_position,sphereActivity,sphereActivity,0.65,0.65,0.3,4,standard,2,6,0,0.0,0.0,-inf,6,-inf
grims3,rotation_position,sphereActivity,sphereActivity,0.65,0.65,0.3,4,standard,3,3,1,0.0047513890259085,0.2202885443098452,-5.34931827717683,3,-1.7831060923922768
grims3,rotation_position,sphereActivity,sphereActivity,0.65,0.65,0.3,4,standard,4,4,1,0.0051643039731106,0.2394325108735074,-5.265984943843497,4,-1.3164962359608745
grims3,rotation_position,sphereActivity,sphereActivity,0.65,0.65,0.3,4,standard,5,4,0,0.0,0.0,-inf,4,-inf
grims3,rotation_position,sphereActivity,sphereActivity,0.65,0.65,0.3,4,standard,6,4,1,0.0,0.0,-inf,4,-inf
grims3,rotation_position,sphereActivity,sphereActivity,0.65,0.65,0.3,4,standard,7,4,0,0.0,0.0,-inf,4,-inf
grims3,rotation_position,sphereActivity,sphereActivity,0.65,0.65,0.3,4,standard,8,3,1,0.0015837963419695,0.0734295147699484,-6.44793056584494,3,-2.14931018861498
grims3,rotation_position,sphereActivity,sphereActivity,0.65,0.65,0.3,4,standard,9,2,0,0.0100694444444444,0.4668494300466987,-4.598249743143517,2,-2.2991248715717587
grims3,rotation_position,ladderActivity,ladderActivity,0.55,0.55,0.25,4,standard,1,9,8,0.0,0.0,-inf,9,-inf
grims3,rotation_position,ladderActivity,ladderActivity,0.55,0.55,0.25,4,standard,2,13,8,3.9772847527351174e-26,1.0,-58.486613054299674,13,-4.498970234946129
grims3,rotation_position,ladderActivity,ladderActivity,0.55,0.55,0.25,4,standard,3,7,7,0.0,0.0,-inf,7,-inf
