Username,Features,Target_Activity,TestActivity,Target_Threshold,Test_Threshold,eps,min_samples,scaler,LogNumber,N_states,Ghost_Count,Ghost_Exp,Sequence_Probability,Normalized,LogProb,Length,AvgLogProb
grims3,rotation,sphereActivity,sphereActivity,0.7,0.7,0.25,4,standard,1,1,0,4,0.0,0.0,-inf,1,-inf
grims3,rotation,sphereActivity,sphereActivity,0.7,0.7,0.25,4,standard,2,4,0,4,0.0038128215078861,0.1210944871283953,-5.569385810666826,4,-1.3923464526667064
grims3,rotation,sphereActivity,sphereActivity,0.7,0.7,0.25,4,standard,3,5,0,4,0.0021107580504441,0.0670372749004907,-6.160708130401253,5,-1.232141626080251
grims3,rotation,sphereActivity,sphereActivity,0.7,0.7,0.25,4,standard,4,3,0,4,0.0025867100585436,0.0821534203060205,-5.957368458385645,3,-1.9857894861285483
grims3,rotation,sphereActivity,sphereActivity,0.7,0.7,0.25,4,standard,5,4,0,4,0.0027708514808362,0.0880017169140554,-5.88860061221499,4,-1.4721501530537475
grims3,rotation,sphereActivity,sphereActivity,0.7,0.7,0.25,4,standard,6,5,0,4,0.0032582221984863,0.1034805183667769,-5.726573570241938,5,-1.1453147140483877
grims3,rotation,sphereActivity,sphereActivity,0.7,0.7,0.25,4,standard,7,3,0,4,0.0011614401858304,0.0368871197727317,-6.758094504427732,3,-2.2526981681425773
grims3,rotation,sphereActivity,sphereActivity,0.7,0.7,0.25,4,standard,8,5,0,4,0.0014998165675571,0.047633889406929,-6.502412466646997,5,-1.3004824933293997
grims3,rotation,sphereActivity,sphereActivity,0.7,0.7,0.25,4,standard,9,2,0,4,0.0142857142857142,0.4537115732046002,-4.24849524204936,2,-2.12424762102468
grims3,rotation,sphereActivity,sphereActivity,0.7,0.7,0.15,6,standard,1,1,1,4,0.0,0.0,-inf,1,-inf
grims3,rotation,sphereActivity,sphereActivity,0.7,0.7,0.15,6,standard,2,4,1,4,0.0001758599098387,0.0225975565765741,-8.64582284670093,4,-2.1614557116752326
grims3,rotation,sphereActivity,sphereActivity,0.7,0.7,0.15,6,standard,3,5,2,4,1.109156200458232e-06,0.0001425237850689,-13.711911011490542,5,-2.7423822022981086
grims3,rotation,sphereActivity,sphereActivity,0.7,0.7,0.15,6,standard,4,3,1,4,4.015230745145964e-05,0.0051594706271945,-10.122830648451783,3,-3.3742768828172616
grims3,rotation,sphereActivity,sphereActivity,0.7,0.7,0.15,6,standard,5,4,1,4,0.0009605793394556,0.1234320317207832,-6.947973976922775,4,-1.7369934942306935
grims3,rotation,sphereActivity,sphereActivity,0.7,0.7,0.15,6,standard,6,5,1,4,3.866696789015864e-05,0.0049686082253959,-10.16052486529364,5,-2.032104973058728
grims3,rotation,sphereActivity,sphereActivity,0.7,0.7,0.15,6,standard,7,3,1,4,4.015230745145964e-05,0.0051594706271945,-10.122830648451783,3,-3.3742768828172616
grims3,rotation,sphereActivity,sphereActivity,0.7,0.7,0.15,6,standard,8,5,1,4,0.0,0.0,-inf,5,-inf
grims3,rotation,sphereActivity,sphereActivity,0.7,0.7,0.15,6,standard,9,2,1,4,0.0065257333382112,0.8385403384377886,-5.032001943090662,2,-2.516000971545331
grims3,position,sphereActivity,sphereActivity,0.7,0.7,0.15,6,standard,1,3,2,4,1.0116877720310046e-05,0.000475671556855,-11.50130546736985,3,-3.8337684891232833
grims3,position,sphereActivity,sphereActivity,0.7,0.7,0.15,6,standard,2,3,0,4,0.0037961613216715,0.1784864872219901,-5.573764901331476,3,-1.857921633777159
grims3,position,sphereActivity,sphereActivity,0.7,0.7,0.15,6,standard,3,3,0,4,0.0018980806608357,0.089243243610995,-6.266912081891421,3,-2.088970693963807
grims3,position,sphereActivity,sphereActivity,0.7,0.7,0.15,6,standard,4,3,0,4,0.0018980806608357,0.089243243610995,-6.266912081891421,3,-2.088970693963807
grims3,position,sphereActivity,sphereActivity,0.7,0.7,0.15,6,standard,5,3,0,4,0.0018980806608357,0.089243243610995,-6.266912081891421,3,-2.088970693963807
grims3,position,sphereActivity,sphereActivity,0.7,0.7,0.15,6,standard,6,3,0,4,0.0037961613216715,0.1784864872219901,-5.573764901331476,3,-1.857921633777159
grims3,position,sphereActivity,sphereActivity,0.7,0.7,0.15,6,standard,7,4,0,4,0.0,0.0,-inf,4,-inf
grims3,position,sphereActivity,sphereActivity,0.7,0.7,0.15,6,standard,8,2,0,4,0.0079719387755102,0.3748216231661794,-4.831827556602098,2,-2.415913778301049
grims3,position,sphereActivity,sphereActivity,0.7,0.7,0.15,6,standard,9,3,0,4,0.0,0.0,-inf,3,-inf
grims3,position,sphereActivity,sphereActivity,0.65,0.65,0.15,3,standard,1,3,1,4,0.0001777111385351,0.0049882435912806,-8.635351143084538,3,-2.878450381028179
grims3,position,sphereActivity,sphereActivity,0.65,0.65,0.15,3,standard,2,3,0,4,0.0070488721804511,0.1978575556361864,-4.954887649359325,3,-1.6516292164531083
grims3,position,sphereActivity,sphereActivity,0.65,0.65,0.15,3,standard,3,3,0,4,0.0017622180451127,0.0494643889090466,-6.341182010479216,3,-2.1137273368264053
grims3,position,sphereActivity,sphereActivity,0.65,0.65,0.15,3,standard,4,4,0,4,0.0001762218045112,0.0049464388909046,-8.64376710347326,4,-2.160941775868315
grims3,position,sphereActivity,sphereActivity,0.65,0.65,0.15,3,standard,5,3,0,4,0.0017622180451127,0.0494643889090466,-6.341182010479216,3,-2.1137273368264053
grims3,position,sphereActivity,sphereActivity,0.65,0.65,0.15,3,standard,6,3,0,4,0.0070488721804511,0.1978575556361864,-4.954887649359325,3,-1.6516292164531083
grims3,position,sphereActivity,sphereActivity,0.65,0.65,0.15,3,standard,7,4,0,4,0.0,0.0,-inf,4,-inf
grims3,position,sphereActivity,sphereActivity,0.65,0.65,0.15,3,standard,8,3,0,4,0.0088110902255639,0.2473219445452331,-4.731744098045116,3,-1.577248032681705
grims3,position,sphereActivity,sphereActivity,0.65,0.65,0.15,3,standard,9,3,1,4,0.00883879083767,0.2480994838821154,-4.728605194757236,3,-1.5762017315857453
grims3,rotation_position,sphereActivity,sphereActivity,0.7,0.7,0.15,3,standard,1,1,1,4,0.0,0.0,-inf,1,-inf
grims3,rotation_position,sphereActivity,sphereActivity,0.7,0.7,0.15,3,standard,2,4,4,4,0.0,0.0,-inf,4,-inf
grims3,rotation_position,sphereActivity,sphereActivity,0.7,0.7,0.15,3,standard,3,3,3,4,0.0,0.0,-inf,3,-inf
grims3,rotation_position,sphereActivity,sphereActivity,0.7,0.7,0.15,3,standard,4,4,4,4,0.0,0.0,-inf,4,-inf
grims3,rotation_position,sphereActivity,sphereActivity,0.7,0.7,0.15,3,standard,5,4,4,4,0.0,0.0,-inf,4,-inf
grims3,rotation_position,sphereActivity,sphereActivity,0.7,0.7,0.15,3,standard,6,4,4,4,0.0,0.0,-inf,4,-inf
grims3,rotation_position,sphereActivity,sphereActivity,0.7,0.7,0.15,3,standard,7,4,4,4,0.0,0.0,-inf,4,-inf
grims3,rotation_position,sphereActivity,sphereActivity,0.7,0.7,0.15,3,standard,8,3,3,4,0.0,0.0,-inf,3,-inf
grims3,rotation_position,sphereActivity,sphereActivity,0.7,0.7,0.15,3,standard,9,1,1,4,0.0,0.0,-inf,1,-inf
grims3,rotation_position,sphereActivity,sphereActivity,0.7,0.7,0.25,5,standard,1,1,1,4,0.0,0.0,-inf,1,-inf
grims3,rotation_position,sphereActivity,sphereActivity,0.7,0.7,0.25,5,standard,2,4,2,4,0.0001310622784969,0.0099151697166041,-8.939837939360563,4,-2.234959484840141
grims3,rotation_position,sphereActivity,sphereActivity,0.7,0.7,0.25,5,standard,3,3,1,4,0.0035822217452639,0.2710035028701357,-5.631772071825844,3,-1.877257357275281
grims3,rotation_position,sphereActivity,sphereActivity,0.7,0.7,0.25,5,standard,4,4,1,4,0.0006674625122075,0.0504951093778266,-7.312027330753868,4,-1.828006832688467
grims3,rotation_position,sphereActivity,sphereActivity,0.7,0.7,0.25,5,standard,5,4,1,4,0.0,0.0,-inf,4,-inf
grims3,rotation_position,sphereActivity,sphereActivity,0.7,0.7,0.25,5,standard,6,4,2,4,0.0001310622784969,0.0099151697166041,-8.939837939360563,4,-2.234959484840141
grims3,rotation_position,sphereActivity,sphereActivity,0.7,0.7,0.25,5,standard,7,4,2,4,0.000109218565414,0.0082626414305034,-9.122159496154518,4,-2.2805398740386296
grims3,rotation_position,sphereActivity,sphereActivity,0.7,0.7,0.25,5,standard,8,3,1,4,0.0085973321886336,0.6504084068883261,-4.756303334471943,3,-1.5854344448239812
grims3,rotation_position,sphereActivity,sphereActivity,0.7,0.7,0.25,5,standard,9,1,1,4,0.0,0.0,-inf,1,-inf
grims3,rotation_position,sphereActivity,ladderActivity,0.7,0.55,0.25,5,standard,1,9,9,4,0.0,0.0,-inf,9,-inf
grims3,rotation_position,sphereActivity,ladderActivity,0.7,0.55,0.25,5,standard,2,13,13,4,0.0,0.0,-inf,13,-inf
grims3,rotation_position,sphereActivity,ladderActivity,0.7,0.55,0.25,5,standard,3,7,7,4,0.0,0.0,-inf,7,-inf
grims3,rotation_position,ladderActivity,ladderActivity,0.55,0.55,0.25,5,standard,1,9,9,4,0.0,0.0,-inf,9,-inf
grims3,rotation_position,ladderActivity,ladderActivity,0.55,0.55,0.25,5,standard,2,13,8,4,2.533888965329964e-145,1.0,-332.9450832211417,13,-25.61116024778013
grims3,rotation_position,ladderActivity,ladderActivity,0.55,0.55,0.25,5,standard,3,7,7,4,0.0,0.0,-inf,7,-inf
grims3,rotation_position,ladderActivity,ladderActivity,0.55,0.55,0.25,7,standard,1,9,9,4,0.0,0.0,-inf,9,-inf
grims3,rotation_position,ladderActivity,ladderActivity,0.55,0.55,0.25,7,standard,2,13,9,4,3.744884459283453e-225,1.0,-516.7612551591608,13,-39.750865781473905
grims3,rotation_position,ladderActivity,ladderActivity,0.55,0.55,0.25,7,standard,3,7,7,4,0.0,0.0,-inf,7,-inf
grims3,rotation_position,ladderActivity,ladderActivity,0.55,0.55,0.25,7,standard,2,13,9,4,5.582685124003049e-225,1.0,-516.3619760579905,13,-39.720152004460815
grims3,rotation_position,ladderActivity,ladderActivity,0.55,0.55,0.3,10,standard,1,9,6,4,1.153927758659257e-68,1.0,-156.4326147582839,9,-17.381401639809322
grims3,rotation_position,ladderActivity,ladderActivity,0.55,0.55,0.3,10,standard,2,13,7,4,3.056976113210811e-88,2.649191936211584e-20,-201.5100619543987,13,-15.500773996492208
grims3,rotation_position,ladderActivity,ladderActivity,0.55,0.55,0.3,10,standard,3,7,7,4,0.0,0.0,-inf,7,-inf
